[06:14:12.979] 准备初始化 War3Hook
[06:14:13.015] ✨ 共享内存首次创建: 双通道缓冲区索引已归零。
[06:14:13.015] 进程路径: X:\单机游戏\魔兽3-冰封王座\War3.exe
[06:14:13.015] getCurrentWar3Version 开始
[06:14:13.015] 进程名: War3.exe
[06:14:13.015] 进程名验证通过✅
[06:14:13.015] [VersionFlag] 检测到版本: 1.26.0.6401, 版本标志设为: 1
[06:14:13.015] getCurrentWar3Version 完成
[06:14:13.015] [VersionCheck] 正在检测高版本: 1.26.0.6401 | 参数 includeV126: 0 | 识别方式: 常用版本字符串判断 | 结果: 属于低版本
[06:14:13.015] [VersionCheck] 正在检测版本: 1.26.0.6401 | 识别方式: 常用版本字符串判断 | 结果: 高版本
[06:14:13.022] getModuleBaseAddress: 开始查找模块 [game.dll]
[06:14:13.022] getModuleBaseAddress: 通过GetModuleHandleA成功获取模块 [game.dll] 基地址: 0x6F000000
[06:14:13.022] 🔍 [FindOffset] 开始搜索偏移. 目标版本: 1.26.0.6401
[06:14:13.022]       - DLL基址: 0x6F000000
[06:14:13.022]       - DLL大小: 12275712 (0xBB5000)
[06:14:13.022]       - ✅ 精确匹配成功: 预设偏移 0x2FC981
[06:14:13.022] 🔍 [FindOffset] 开始搜索偏移. 目标版本: 1.26.0.6401
[06:14:13.022]       - DLL基址: 0x6F000000
[06:14:13.022]       - DLL大小: 12275712 (0xBB5000)
[06:14:13.022]       - ✅ 精确匹配成功: 预设偏移 0x2FB480
[06:14:13.022] 🔍 [FindOffset] 开始搜索偏移. 目标版本: 1.26.0.6401
[06:14:13.022]       - DLL基址: 0x6F000000
[06:14:13.022]       - DLL大小: 12275712 (0xBB5000)
[06:14:13.022]       - ✅ 精确匹配成功: 预设偏移 0x67B5E9
[06:14:13.022] 🔍 [FindOffset] 开始搜索偏移. 目标版本: 1.26.0.6401
[06:14:13.022]       - DLL基址: 0x6F000000
[06:14:13.022]       - DLL大小: 12275712 (0xBB5000)
[06:14:13.022] 🚀 IPC 信号驱动线程已启动 (双通道监控模式)
[06:14:13.022]       - ✅ 精确匹配成功: 预设偏移 0x65AE80
[06:14:13.022] 🔍 [FindOffset] 开始搜索偏移. 目标版本: 1.26.0.6401
[06:14:13.022]       - DLL基址: 0x6F000000
[06:14:13.022]       - DLL大小: 12275712 (0xBB5000)
[06:14:13.022]       - ✅ 精确匹配成功: 预设偏移 0x2FEA4B
[06:14:13.022] War3Hook 初始化完成
[06:14:13.022] ✅ 初始化成功！执行安装。
[06:14:13.022] 🚀 开始安装全系统钩子...
[06:14:13.022] 开始安装 game.dll GameChatRecipientInGame_ Hook...
[06:14:13.022] 开始安装钩子！钩子函数: jumpWhenCallGameChatRecipientInGame_
[06:14:13.022] getModuleBaseAddress: 开始查找模块 [game.dll]
[06:14:13.022] getModuleBaseAddress: 通过GetModuleHandleA成功获取模块 [game.dll] 基地址: 0x6F000000
[06:14:13.022] 修改地址: 0x6F2FC981
[06:14:13.022] 调用地址: 0x6F2FB480
[06:14:13.022] 返回地址: 0x6F2FC986
[06:14:13.022] 找到钩子函数地址: 0x7A4363EC
[06:14:13.022] 准备写入的字节码 (5 bytes): E9 66 9A 13 0B 
[06:14:13.022] 保存的原始字节码 (5 bytes): E8 FA EA FF FF 
[06:14:13.022] 钩子安装成功！ 地址: 0x6F2FC981
[06:14:13.022] 修复相对偏移(5字节指令) 0: 0xFFFFEAFA -> 0x6B83B47B
[06:14:13.022] 跳板 [0] 地址: 0x03AC0000
[06:14:13.022] 钩子安装成功！ 钩子函数: jumpWhenCallGameChatRecipientInGame_
[06:14:13.022] [game.dll] GameChatRecipientInGame_ 钩子安装成功。
[06:14:13.022]   - 修改地址: 0x6F2FC981
[06:14:13.022]   - 函数地址: 0x6F2FB480
[06:14:13.022]   - 返回地址: 0x6F2FC986
[06:14:13.022]   - 跳板地址: 0x03AC0000
[06:14:13.022]   ├──  Logic: ChatRecipientInGame                    [OK ✅]
[06:14:13.022] 开始安装 game.dll GameNetEventChatFromHost Hook...
[06:14:13.022] 开始安装钩子！钩子函数: jumpWhenCallGameNetEventChatFromHost
[06:14:13.022] getModuleBaseAddress: 开始查找模块 [game.dll]
[06:14:13.022] getModuleBaseAddress: 通过GetModuleHandleA成功获取模块 [game.dll] 基地址: 0x6F000000
[06:14:13.022] 修改地址: 0x6F67B5E9
[06:14:13.022] 调用地址: 0x6F65AE80
[06:14:13.022] 返回地址: 0x6F67B5EE
[06:14:13.023] 找到钩子函数地址: 0x7A43687A
[06:14:13.023] 准备写入的字节码 (5 bytes): E9 8C B2 DB 0A 
[06:14:13.023] 保存的原始字节码 (5 bytes): E8 92 F8 FD FF 
[06:14:13.023] 钩子安装成功！ 地址: 0x6F67B5E9
[06:14:13.023] 修复相对偏移(5字节指令) 0: 0xFFFDF892 -> 0x6BB9AE6B
[06:14:13.023] 跳板 [0] 地址: 0x03AC0010
[06:14:13.023] 钩子安装成功！ 钩子函数: jumpWhenCallGameNetEventChatFromHost
[06:14:13.023] [game.dll] GameNetEventChatFromHost 钩子安装成功。
[06:14:13.023]   - 修改地址: 0x6F67B5E9
[06:14:13.023]   - 函数地址: 0x6F65AE80
[06:14:13.023]   - 返回地址: 0x6F67B5EE
[06:14:13.023]   - 跳板地址: 0x03AC0010
[06:14:13.023]   ├──  Logic: NetEventChatFromHost                   [OK ✅]
[06:14:13.023] 开始安装 game.dll GamePrimaryGameUIVtable_ Hook...
[06:14:13.023] 开始安装钩子！钩子函数: jumpWhenCallGamePrimaryGameUIVtable_
[06:14:13.023] getModuleBaseAddress: 开始查找模块 [game.dll]
[06:14:13.023] getModuleBaseAddress: 通过GetModuleHandleA成功获取模块 [game.dll] 基地址: 0x6F000000
[06:14:13.023] 修改地址: 0x6F2FEA4B
[06:14:13.023] 返回地址: 0x6F2FEA51
[06:14:13.023] 找到钩子函数地址: 0x7A436E8F
[06:14:13.023] 准备写入的字节码 (6 bytes): E9 3F 84 13 0B 90 
[06:14:13.023] 保存的原始字节码 (6 bytes): C7 06 1C 63 93 6F 
[06:14:13.023] 钩子安装成功！ 地址: 0x6F2FEA4B
[06:14:13.023] 跳板 [0] 地址: 0x03AC0020
[06:14:13.023] 钩子安装成功！ 钩子函数: jumpWhenCallGamePrimaryGameUIVtable_
[06:14:13.023] [VersionCheck] 正在检测高版本: 1.26.0.6401 | 参数 includeV126: 0 | 识别方式: 常用版本字符串判断 | 结果: 属于低版本
[06:14:13.023] ✅ [版本适配] 检测到 War3 版本类型: 常规版本 (1.26-)
[06:14:13.023]    ├─ 虚表基址: 0x6F93631C (通过指令 C7 06 提取)
[06:14:13.023]    └─ 目标函数 (+0x0C): 0x6F3012E0
[06:14:13.023] [game.dll] GamePrimaryGameUIVtable_ 钩子安装成功。
[06:14:13.023]   - 修改地址: 0x6F2FEA4B
[06:14:13.023]   - 返回地址: 0x6F2FEA51
[06:14:13.023]   - 跳板地址: 0x03AC0020
[06:14:13.023]   ├──  Logic: PrimaryGameUIVtable                    [OK ✅]
[06:14:13.023] ✨ 安装任务结束。状态: 全部成功
[06:14:14.956] ℹ️ [拦截] 钩子已经安装过，无需操作。
[06:14:36.952] 📥 [NetEventChatFromHost] 收到同步包
[06:14:36.952]    ├─ 原始 PID: 0x2 (提取后: 2)
[06:14:36.952]    ├─ 消息标志: 0x66637C10
[06:14:36.952]    ├─ 消息范围: 0x00000000
[06:14:36.952]    ├─ 总计长度: 41 字节
[06:14:36.952]    ├─ 原始字节 (41 bytes): 10 7C 63 66 66 66 66 30 30 30 30 47 61 6D 65 20 73 74 61 72 74 73 20 69 6E 20 35 20 73 65 63 6F 6E 64 73 2E 2E 2E 7C 72 00 
[06:14:36.952]    └─ 文本内容: fff0000Game starts in 5 seconds...|r
[06:14:36.952] 🔍 检测到机器人消息 (PID: 2)
[06:14:43.590] 🔄 [对象] GameUI 指针: 0x02430088
[06:15:18.959] 💬 [聊天分发] 内容: 「你好」
[06:15:18.959]    ├─ 接收者: 所有人(All)
[06:15:18.959]    ├─ 场景状态: 联网模式(Network) [0x1]
[06:15:18.959]    └─ 停留时长: 10.0 秒
[06:57:26.588] 准备初始化 War3Hook
[06:57:26.591] ✨ 共享内存首次创建: 双通道缓冲区索引已归零。
[06:57:26.591] 进程路径: X:\单机游戏\魔兽3-冰封王座\War3.exe
[06:57:26.591] getCurrentWar3Version 开始
[06:57:26.591] 进程名: War3.exe
[06:57:26.591] 进程名验证通过✅
[06:57:26.591] [VersionFlag] 检测到版本: 1.26.0.6401, 版本标志设为: 1
[06:57:26.591] getCurrentWar3Version 完成
[06:57:26.591] [VersionCheck] 正在检测高版本: 1.26.0.6401 | 参数 includeV126: 0 | 识别方式: 常用版本字符串判断 | 结果: 属于低版本
[06:57:26.591] [VersionCheck] 正在检测版本: 1.26.0.6401 | 识别方式: 常用版本字符串判断 | 结果: 高版本
[06:57:26.591] getModuleBaseAddress: 开始查找模块 [game.dll]
[06:57:26.591] getModuleBaseAddress: 通过GetModuleHandleA成功获取模块 [game.dll] 基地址: 0x6F000000
[06:57:26.591] 🔍 [FindOffset] 开始搜索偏移. 目标版本: 1.26.0.6401
[06:57:26.591]       - DLL基址: 0x6F000000
[06:57:26.591]       - DLL大小: 12275712 (0xBB5000)
[06:57:26.591]       - ✅ 精确匹配成功: 预设偏移 0x2FC981
[06:57:26.591] 🚀 IPC 信号驱动线程已启动 (双通道监控模式)
[06:57:26.591] 🔍 [FindOffset] 开始搜索偏移. 目标版本: 1.26.0.6401
[06:57:26.591]       - DLL基址: 0x6F000000
[06:57:26.591]       - DLL大小: 12275712 (0xBB5000)
[06:57:26.591]       - ✅ 精确匹配成功: 预设偏移 0x2FB480
[06:57:26.591] 🔍 [FindOffset] 开始搜索偏移. 目标版本: 1.26.0.6401
[06:57:26.591]       - DLL基址: 0x6F000000
[06:57:26.591]       - DLL大小: 12275712 (0xBB5000)
[06:57:26.591]       - ✅ 精确匹配成功: 预设偏移 0x67B5E9
[06:57:26.591] 🔍 [FindOffset] 开始搜索偏移. 目标版本: 1.26.0.6401
[06:57:26.591]       - DLL基址: 0x6F000000
[06:57:26.591]       - DLL大小: 12275712 (0xBB5000)
[06:57:26.591]       - ✅ 精确匹配成功: 预设偏移 0x65AE80
[06:57:26.591] 🔍 [FindOffset] 开始搜索偏移. 目标版本: 1.26.0.6401
[06:57:26.591]       - DLL基址: 0x6F000000
[06:57:26.591]       - DLL大小: 12275712 (0xBB5000)
[06:57:26.591]       - ✅ 精确匹配成功: 预设偏移 0x2FEA4B
[06:57:26.591] War3Hook 初始化完成
[06:57:26.591] ✅ 初始化成功！执行安装。
[06:57:26.591] 🚀 开始安装全系统钩子...
[06:57:26.591] 开始安装 game.dll GameChatRecipientInGame_ Hook...
[06:57:26.591] 开始安装钩子！钩子函数: jumpWhenCallGameChatRecipientInGame_
[06:57:26.591] getModuleBaseAddress: 开始查找模块 [game.dll]
[06:57:26.591] getModuleBaseAddress: 通过GetModuleHandleA成功获取模块 [game.dll] 基地址: 0x6F000000
[06:57:26.591] 修改地址: 0x6F2FC981
[06:57:26.591] 调用地址: 0x6F2FB480
[06:57:26.591] 返回地址: 0x6F2FC986
[06:57:26.591] 找到钩子函数地址: 0x07CA63EC
[06:57:26.591] 准备写入的字节码 (5 bytes): E9 66 9A 9A 98 
[06:57:26.591] 保存的原始字节码 (5 bytes): E8 FA EA FF FF 
[06:57:26.591] 钩子安装成功！ 地址: 0x6F2FC981
[06:57:26.592] 修复相对偏移(5字节指令) 0: 0xFFFFEAFA -> 0x6C9FB47B
[06:57:26.592] 跳板 [0] 地址: 0x02900000
[06:57:26.592] 钩子安装成功！ 钩子函数: jumpWhenCallGameChatRecipientInGame_
[06:57:26.592] [game.dll] GameChatRecipientInGame_ 钩子安装成功。
[06:57:26.592]   - 修改地址: 0x6F2FC981
[06:57:26.592]   - 函数地址: 0x6F2FB480
[06:57:26.592]   - 返回地址: 0x6F2FC986
[06:57:26.592]   - 跳板地址: 0x02900000
[06:57:26.592]   ├──  Logic: ChatRecipientInGame                    [OK ✅]
[06:57:26.592] 开始安装 game.dll GameNetEventChatFromHost Hook...
[06:57:26.592] 开始安装钩子！钩子函数: jumpWhenCallGameNetEventChatFromHost
[06:57:26.592] getModuleBaseAddress: 开始查找模块 [game.dll]
[06:57:26.592] getModuleBaseAddress: 通过GetModuleHandleA成功获取模块 [game.dll] 基地址: 0x6F000000
[06:57:26.592] 修改地址: 0x6F67B5E9
[06:57:26.592] 调用地址: 0x6F65AE80
[06:57:26.592] 返回地址: 0x6F67B5EE
[06:57:26.592] 找到钩子函数地址: 0x07CA6896
[06:57:26.592] 准备写入的字节码 (5 bytes): E9 A8 B2 62 98 
[06:57:26.592] 保存的原始字节码 (5 bytes): E8 92 F8 FD FF 
[06:57:26.592] 钩子安装成功！ 地址: 0x6F67B5E9
[06:57:26.592] 修复相对偏移(5字节指令) 0: 0xFFFDF892 -> 0x6CD5AE6B
[06:57:26.592] 跳板 [0] 地址: 0x02900010
[06:57:26.592] 钩子安装成功！ 钩子函数: jumpWhenCallGameNetEventChatFromHost
[06:57:26.592] [game.dll] GameNetEventChatFromHost 钩子安装成功。
[06:57:26.592]   - 修改地址: 0x6F67B5E9
[06:57:26.592]   - 函数地址: 0x6F65AE80
[06:57:26.592]   - 返回地址: 0x6F67B5EE
[06:57:26.592]   - 跳板地址: 0x02900010
[06:57:26.592]   ├──  Logic: NetEventChatFromHost                   [OK ✅]
[06:57:26.592] 开始安装 game.dll GamePrimaryGameUIVtable_ Hook...
[06:57:26.592] 开始安装钩子！钩子函数: jumpWhenCallGamePrimaryGameUIVtable_
[06:57:26.592] getModuleBaseAddress: 开始查找模块 [game.dll]
[06:57:26.592] getModuleBaseAddress: 通过GetModuleHandleA成功获取模块 [game.dll] 基地址: 0x6F000000
[06:57:26.592] 修改地址: 0x6F2FEA4B
[06:57:26.592] 返回地址: 0x6F2FEA51
[06:57:26.592] 找到钩子函数地址: 0x07CA6EB1
[06:57:26.592] 准备写入的字节码 (6 bytes): E9 61 84 9A 98 90 
[06:57:26.592] 保存的原始字节码 (6 bytes): C7 06 1C 63 93 6F 
[06:57:26.592] 钩子安装成功！ 地址: 0x6F2FEA4B
[06:57:26.592] 跳板 [0] 地址: 0x02900020
[06:57:26.592] 钩子安装成功！ 钩子函数: jumpWhenCallGamePrimaryGameUIVtable_
[06:57:26.592] [VersionCheck] 正在检测高版本: 1.26.0.6401 | 参数 includeV126: 0 | 识别方式: 常用版本字符串判断 | 结果: 属于低版本
[06:57:26.592] ✅ [版本适配] 检测到 War3 版本类型: 常规版本 (1.26-)
[06:57:26.592]    ├─ 虚表基址: 0x6F93631C (通过指令 C7 06 提取)
[06:57:26.592]    └─ 目标函数 (+0x0C): 0x6F3012E0
[06:57:26.592] [game.dll] GamePrimaryGameUIVtable_ 钩子安装成功。
[06:57:26.592]   - 修改地址: 0x6F2FEA4B
[06:57:26.592]   - 返回地址: 0x6F2FEA51
[06:57:26.592]   - 跳板地址: 0x02900020
[06:57:26.592]   ├──  Logic: PrimaryGameUIVtable                    [OK ✅]
[06:57:26.592] ✨ 安装任务结束。状态: 全部成功
[06:57:28.574] ℹ️ [拦截] 钩子已经安装过，无需操作。
[06:57:36.584] 📥 [NetEventChatFromHost] 收到同步包
[06:57:36.584]    ├─ 原始 PID: 0x2 (提取后: 2)
[06:57:36.584]    ├─ 消息标志: 0x66637C10
[06:57:36.584]    ├─ 消息范围: 0x00000000
[06:57:36.584]    ├─ 总计长度: 41 字节
[06:57:36.584]    ├─ 原始字节 (41 bytes): 10 7C 63 66 66 66 66 30 30 30 30 47 61 6D 65 20 73 74 61 72 74 73 20 69 6E 20 35 20 73 65 63 6F 6E 64 73 2E 2E 2E 7C 72 00 
[06:57:36.584]    └─ 文本内容: fff0000Game starts in 5 seconds...|r
[06:57:36.584] 🔍 检测到机器人消息 (PID: 2)
[06:57:43.468] 🔄 [对象] GameUI 指针: 0x34020088
[06:57:58.432] 💬 [聊天分发] 内容: 「你好」
[06:57:58.432]    ├─ 接收者: 所有人(All)
[06:57:58.432]    ├─ 场景状态: 联网模式(Network) [0x1]
[06:57:58.432]    └─ 停留时长: 10.0 秒
[06:57:58.432] ✅ [IPC FAST] 异步翻译请求(发送) 已入队 | Slot:0 | Pending:1 | Event:OK
[06:58:40.128] 💬 [聊天分发] 内容: 「你好」
[06:58:40.128]    ├─ 接收者: 所有人(All)
[06:58:40.128]    ├─ 场景状态: 联网模式(Network) [0x1]
[06:58:40.128]    └─ 停留时长: 10.0 秒
[06:58:40.128] ✅ [IPC FAST] 异步翻译请求(发送) 已入队 | Slot:1 | Pending:1 | Event:OK
[06:58:53.181] 📥 [NetEventChatFromHost] 收到同步包
[06:58:53.181]    ├─ 原始 PID: 0x3 (提取后: 3)
[06:58:53.181]    ├─ 消息标志: 0x00000020
[06:58:53.181]    ├─ 消息范围: 0x00000000
[06:58:53.181]    ├─ 总计长度: 11 字节
[06:58:53.181]    ├─ 原始字节 (11 bytes): 20 00 00 00 00 48 65 6C 6C 6F 00 
[06:58:53.181]    └─ 文本内容: Hello
[06:58:53.181] 🔍 [getDefaultShoutContent] 开始比对内容: "Hello"
[06:58:53.181]    ├─ [0] 锚点: src="", def=""
[06:58:53.181]    ├─ [1] 锚点: src="", def=""
[06:58:53.181]    ├─ [2] 锚点: src="", def=""
[06:58:53.181]    ├─ [3] 锚点: src="", def=""
[06:58:53.181]    ├─ [4] 锚点: src="", def=""
[06:58:53.181]    ├─ [5] 锚点: src="", def=""
[06:58:53.181]    ├─ [6] 锚点: src="", def=""
[06:58:53.181]    └─ ❌ 矩阵匹配结束，未发现匹配项
[06:58:53.181] 🔍 从缓存查找翻译
[06:58:53.181] ❌ 缓存未找到，准备请求翻译并等待结果
[06:58:53.181] ✅ [IPC FAST] 异步翻译请求(接收) 已入队 | Slot:2 | Pending:1 | Event:OK
[06:58:53.181] 📥 [IPC/Receive] 来源:SLOW | 大小:1040
[06:58:53.182] 🧠 [IPC/In] 收到他人消息翻译回应 (已更新缓存)
[06:58:53.182]    ├─ 方向: Incoming (收)
[06:58:53.182]    ├─ 原文: Hello
[06:58:53.182]    └─ 译文: 你好
[06:58:53.182] ✅ [IPC SLOW] 翻译映射/发送完成 已入队 | Slot:0 | Pending:1 | Event:OK
[06:58:53.197] 📥 [NetEventChatFromHost] 收到同步包
[06:58:53.197]    ├─ 原始 PID: 0x3 (提取后: 3)
[06:58:53.197]    ├─ 消息标志: 0x00000020
[06:58:53.197]    ├─ 消息范围: 0x00000000
[06:58:53.197]    ├─ 总计长度: 12 字节
[06:58:53.197]    ├─ 原始字节 (12 bytes): 20 00 00 00 00 E4 BD A0 E5 A5 BD 00 
[06:58:53.197]    └─ 文本内容: 你好
[06:58:53.197] 🔍 [getDefaultShoutContent] 开始比对内容: "你好"
[06:58:53.197]    ├─ [0] 锚点: src="", def=""
[06:58:53.197]    ├─ [1] 锚点: src="", def=""
[06:58:53.197]    ├─ [2] 锚点: src="", def=""
[06:58:53.197]    ├─ [3] 锚点: src="", def=""
[06:58:53.197]    ├─ [4] 锚点: src="", def=""
[06:58:53.197]    ├─ [5] 锚点: src="", def=""
[06:58:53.197]    ├─ [6] 锚点: src="", def=""
[06:58:53.197]    └─ ❌ 矩阵匹配结束，未发现匹配项
[06:58:53.197] 🔍 从缓存查找翻译
[06:58:53.197] ✅ 从缓存中找到翻译，自动转为本地语言: 你好
[06:58:53.197]    └─ ✅ 内容已重定向，新长度: 12
[06:59:11.639] 📥 [NetEventChatFromHost] 收到同步包
[06:59:11.639]    ├─ 原始 PID: 0x3 (提取后: 3)
[06:59:11.639]    ├─ 消息标志: 0x00000020
[06:59:11.639]    ├─ 消息范围: 0x00000000
[06:59:11.639]    ├─ 总计长度: 13 字节
[06:59:11.639]    ├─ 原始字节 (13 bytes): 20 00 00 00 00 43 68 69 6E 65 73 65 00 
[06:59:11.639]    └─ 文本内容: Chinese
[06:59:11.639] 🔍 [getDefaultShoutContent] 开始比对内容: "Chinese"
[06:59:11.639]    ├─ [0] 锚点: src="", def=""
[06:59:11.639]    ├─ [1] 锚点: src="", def=""
[06:59:11.639]    ├─ [2] 锚点: src="", def=""
[06:59:11.639]    ├─ [3] 锚点: src="", def=""
[06:59:11.639]    ├─ [4] 锚点: src="", def=""
[06:59:11.639]    ├─ [5] 锚点: src="", def=""
[06:59:11.639]    ├─ [6] 锚点: src="", def=""
[06:59:11.639]    └─ ❌ 矩阵匹配结束，未发现匹配项
[06:59:11.639] 🔍 从缓存查找翻译
[06:59:11.639] ❌ 缓存未找到，准备请求翻译并等待结果
[06:59:11.639] ✅ [IPC FAST] 异步翻译请求(接收) 已入队 | Slot:3 | Pending:1 | Event:OK
[06:59:12.741] 📥 [IPC/Receive] 来源:SLOW | 大小:1040
[06:59:12.741] 🧠 [IPC/In] 收到他人消息翻译回应 (已更新缓存)
[06:59:12.741]    ├─ 方向: Incoming (收)
[06:59:12.741]    ├─ 原文: Chinese
[06:59:12.741]    └─ 译文: 中國人
[06:59:12.741] ✅ [IPC SLOW] 翻译映射/发送完成 已入队 | Slot:1 | Pending:1 | Event:OK
[06:59:12.768] 📥 [NetEventChatFromHost] 收到同步包
[06:59:12.768]    ├─ 原始 PID: 0x3 (提取后: 3)
[06:59:12.768]    ├─ 消息标志: 0x00000020
[06:59:12.768]    ├─ 消息范围: 0x00000000
[06:59:12.768]    ├─ 总计长度: 15 字节
[06:59:12.768]    ├─ 原始字节 (15 bytes): 20 00 00 00 00 E4 B8 AD E5 9C 8B E4 BA BA 00 
[06:59:12.768]    └─ 文本内容: 中國人
[06:59:12.768] 🔍 [getDefaultShoutContent] 开始比对内容: "中國人"
[06:59:12.768]    ├─ [0] 锚点: src="", def=""
[06:59:12.768]    ├─ [1] 锚点: src="", def=""
[06:59:12.768]    ├─ [2] 锚点: src="", def=""
[06:59:12.768]    ├─ [3] 锚点: src="", def=""
[06:59:12.768]    ├─ [4] 锚点: src="", def=""
[06:59:12.768]    ├─ [5] 锚点: src="", def=""
[06:59:12.768]    ├─ [6] 锚点: src="", def=""
[06:59:12.768]    └─ ❌ 矩阵匹配结束，未发现匹配项
[06:59:12.768] 🔍 从缓存查找翻译
[06:59:12.768] ✅ 从缓存中找到翻译，自动转为本地语言: 中國人
[06:59:12.768]    └─ ✅ 内容已重定向，新长度: 15
[07:06:19.651] 准备初始化 War3Hook
[07:06:19.654] ✨ 共享内存首次创建: 双通道缓冲区索引已归零。
[07:06:19.654] 进程路径: X:\单机游戏\魔兽3-冰封王座\War3.exe
[07:06:19.654] getCurrentWar3Version 开始
[07:06:19.654] 进程名: War3.exe
[07:06:19.654] 进程名验证通过✅
[07:06:19.654] [VersionFlag] 检测到版本: 1.26.0.6401, 版本标志设为: 1
[07:06:19.654] getCurrentWar3Version 完成
[07:06:19.654] [VersionCheck] 正在检测高版本: 1.26.0.6401 | 参数 includeV126: 0 | 识别方式: 常用版本字符串判断 | 结果: 属于低版本
[07:06:19.654] [VersionCheck] 正在检测版本: 1.26.0.6401 | 识别方式: 常用版本字符串判断 | 结果: 高版本
[07:06:19.654] getModuleBaseAddress: 开始查找模块 [game.dll]
[07:06:19.654] getModuleBaseAddress: 通过GetModuleHandleA成功获取模块 [game.dll] 基地址: 0x6F000000
[07:06:19.654] 🔍 [FindOffset] 开始搜索偏移. 目标版本: 1.26.0.6401
[07:06:19.654]       - DLL基址: 0x6F000000
[07:06:19.654]       - DLL大小: 12275712 (0xBB5000)
[07:06:19.654]       - ✅ 精确匹配成功: 预设偏移 0x2FC981
[07:06:19.654] 🔍 [FindOffset] 开始搜索偏移. 目标版本: 1.26.0.6401
[07:06:19.654]       - DLL基址: 0x6F000000
[07:06:19.654]       - DLL大小: 12275712 (0xBB5000)
[07:06:19.654]       - ✅ 精确匹配成功: 预设偏移 0x2FB480
[07:06:19.654] 🔍 [FindOffset] 开始搜索偏移. 目标版本: 1.26.0.6401
[07:06:19.654]       - DLL基址: 0x6F000000
[07:06:19.654]       - DLL大小: 12275712 (0xBB5000)
[07:06:19.654]       - ✅ 精确匹配成功: 预设偏移 0x67B5E9
[07:06:19.654] 🔍 [FindOffset] 开始搜索偏移. 目标版本: 1.26.0.6401
[07:06:19.654]       - DLL基址: 0x6F000000
[07:06:19.654]       - DLL大小: 12275712 (0xBB5000)
[07:06:19.654]       - ✅ 精确匹配成功: 预设偏移 0x65AE80
[07:06:19.654] 🔍 [FindOffset] 开始搜索偏移. 目标版本: 1.26.0.6401
[07:06:19.654]       - DLL基址: 0x6F000000
[07:06:19.654]       - DLL大小: 12275712 (0xBB5000)
[07:06:19.654]       - ✅ 精确匹配成功: 预设偏移 0x2FEA4B
[07:06:19.654] War3Hook 初始化完成
[07:06:19.654] ✅ 初始化成功！执行安装。
[07:06:19.654] 🚀 开始安装全系统钩子...
[07:06:19.654] 开始安装 game.dll GameChatRecipientInGame_ Hook...
[07:06:19.654] 开始安装钩子！钩子函数: jumpWhenCallGameChatRecipientInGame_
[07:06:19.654] getModuleBaseAddress: 开始查找模块 [game.dll]
[07:06:19.654] getModuleBaseAddress: 通过GetModuleHandleA成功获取模块 [game.dll] 基地址: 0x6F000000
[07:06:19.654] 修改地址: 0x6F2FC981
[07:06:19.654] 调用地址: 0x6F2FB480
[07:06:19.654] 返回地址: 0x6F2FC986
[07:06:19.654] 找到钩子函数地址: 0x07BA63EC
[07:06:19.654] 准备写入的字节码 (5 bytes): E9 66 9A 8A 98 
[07:06:19.654] 保存的原始字节码 (5 bytes): E8 FA EA FF FF 
[07:06:19.654] 钩子安装成功！ 地址: 0x6F2FC981
[07:06:19.654] 修复相对偏移(5字节指令) 0: 0xFFFFEAFA -> 0x6C28B47B
[07:06:19.654] 跳板 [0] 地址: 0x03070000
[07:06:19.654] 钩子安装成功！ 钩子函数: jumpWhenCallGameChatRecipientInGame_
[07:06:19.654] [game.dll] GameChatRecipientInGame_ 钩子安装成功。
[07:06:19.654]   - 修改地址: 0x6F2FC981
[07:06:19.654]   - 函数地址: 0x6F2FB480
[07:06:19.654]   - 返回地址: 0x6F2FC986
[07:06:19.654]   - 跳板地址: 0x03070000
[07:06:19.654]   ├──  Logic: ChatRecipientInGame                    [OK ✅]
[07:06:19.654] 开始安装 game.dll GameNetEventChatFromHost Hook...
[07:06:19.654] 开始安装钩子！钩子函数: jumpWhenCallGameNetEventChatFromHost
[07:06:19.654] getModuleBaseAddress: 开始查找模块 [game.dll]
[07:06:19.654] getModuleBaseAddress: 通过GetModuleHandleA成功获取模块 [game.dll] 基地址: 0x6F000000
[07:06:19.654] 修改地址: 0x6F67B5E9
[07:06:19.654] 调用地址: 0x6F65AE80
[07:06:19.654] 返回地址: 0x6F67B5EE
[07:06:19.654] 找到钩子函数地址: 0x07BA6896
[07:06:19.654] 准备写入的字节码 (5 bytes): E9 A8 B2 52 98 
[07:06:19.654] 保存的原始字节码 (5 bytes): E8 92 F8 FD FF 
[07:06:19.654] 钩子安装成功！ 地址: 0x6F67B5E9
[07:06:19.654] 修复相对偏移(5字节指令) 0: 0xFFFDF892 -> 0x6C5EAE6B
[07:06:19.654] 跳板 [0] 地址: 0x03070010
[07:06:19.654] 钩子安装成功！ 钩子函数: jumpWhenCallGameNetEventChatFromHost
[07:06:19.654] [game.dll] GameNetEventChatFromHost 钩子安装成功。
[07:06:19.654]   - 修改地址: 0x6F67B5E9
[07:06:19.654]   - 函数地址: 0x6F65AE80
[07:06:19.654]   - 返回地址: 0x6F67B5EE
[07:06:19.654]   - 跳板地址: 0x03070010
[07:06:19.654]   ├──  Logic: NetEventChatFromHost                   [OK ✅]
[07:06:19.655] 开始安装 game.dll GamePrimaryGameUIVtable_ Hook...
[07:06:19.655] 开始安装钩子！钩子函数: jumpWhenCallGamePrimaryGameUIVtable_
[07:06:19.655] getModuleBaseAddress: 开始查找模块 [game.dll]
[07:06:19.655] getModuleBaseAddress: 通过GetModuleHandleA成功获取模块 [game.dll] 基地址: 0x6F000000
[07:06:19.655] 修改地址: 0x6F2FEA4B
[07:06:19.655] 返回地址: 0x6F2FEA51
[07:06:19.655] 找到钩子函数地址: 0x07BA6EB1
[07:06:19.655] 准备写入的字节码 (6 bytes): E9 61 84 8A 98 90 
[07:06:19.655] 保存的原始字节码 (6 bytes): C7 06 1C 63 93 6F 
[07:06:19.655] 钩子安装成功！ 地址: 0x6F2FEA4B
[07:06:19.655] 跳板 [0] 地址: 0x03070020
[07:06:19.655] 钩子安装成功！ 钩子函数: jumpWhenCallGamePrimaryGameUIVtable_
[07:06:19.655] [VersionCheck] 正在检测高版本: 1.26.0.6401 | 参数 includeV126: 0 | 识别方式: 常用版本字符串判断 | 结果: 属于低版本
[07:06:19.655] ✅ [版本适配] 检测到 War3 版本类型: 常规版本 (1.26-)
[07:06:19.655]    ├─ 虚表基址: 0x6F93631C (通过指令 C7 06 提取)
[07:06:19.655]    └─ 目标函数 (+0x0C): 0x6F3012E0
[07:06:19.655] [game.dll] GamePrimaryGameUIVtable_ 钩子安装成功。
[07:06:19.655]   - 修改地址: 0x6F2FEA4B
[07:06:19.655]   - 返回地址: 0x6F2FEA51
[07:06:19.655]   - 跳板地址: 0x03070020
[07:06:19.655]   ├──  Logic: PrimaryGameUIVtable                    [OK ✅]
[07:06:19.655] ✨ 安装任务结束。状态: 全部成功
[07:06:19.655] 🚀 IPC 信号驱动线程已启动 (双通道监控模式)
[07:06:21.638] ℹ️ [拦截] 钩子已经安装过，无需操作。
[07:06:23.187] 📥 [NetEventChatFromHost] 收到同步包
[07:06:23.187]    ├─ 原始 PID: 0x2 (提取后: 2)
[07:06:23.187]    ├─ 消息标志: 0x66637C10
[07:06:23.187]    ├─ 消息范围: 0x00000000
[07:06:23.187]    ├─ 总计长度: 41 字节
[07:06:23.187]    ├─ 原始字节 (41 bytes): 10 7C 63 66 66 66 66 30 30 30 30 47 61 6D 65 20 73 74 61 72 74 73 20 69 6E 20 35 20 73 65 63 6F 6E 64 73 2E 2E 2E 7C 72 00 
[07:06:23.187]    └─ 文本内容: fff0000Game starts in 5 seconds...|r
[07:06:23.187] 🔍 检测到机器人消息 (PID: 2)
[07:06:30.447] 🔄 [对象] GameUI 指针: 0x34440088
[07:06:43.337] 💬 [聊天分发] 内容: 「你好」
[07:06:43.337]    ├─ 接收者: 所有人(All)
[07:06:43.337]    ├─ 场景状态: 联网模式(Network) [0x1]
[07:06:43.337]    └─ 停留时长: 10.0 秒
[07:06:43.337] ✅ [IPC FAST] 异步翻译请求(发送) 已入队 | Slot:0 | Pending:1 | Event:OK
[07:06:54.504] 📥 [NetEventChatFromHost] 收到同步包
[07:06:54.504]    ├─ 原始 PID: 0x3 (提取后: 3)
[07:06:54.504]    ├─ 消息标志: 0x00000020
[07:06:54.504]    ├─ 消息范围: 0x00000000
[07:06:54.504]    ├─ 总计长度: 11 字节
[07:06:54.504]    ├─ 原始字节 (11 bytes): 20 00 00 00 00 68 65 6C 6C 6F 00 
[07:06:54.504]    └─ 文本内容: hello
[07:06:54.504] 🔍 [getDefaultShoutContent] 开始比对内容: "hello"
[07:06:54.504]    ├─ [0] 锚点: src="", def=""
[07:06:54.504]    ├─ [1] 锚点: src="", def=""
[07:06:54.504]    ├─ [2] 锚点: src="", def=""
[07:06:54.504]    ├─ [3] 锚点: src="", def=""
[07:06:54.504]    ├─ [4] 锚点: src="", def=""
[07:06:54.504]    ├─ [5] 锚点: src="", def=""
[07:06:54.504]    ├─ [6] 锚点: src="", def=""
[07:06:54.505]    └─ ❌ 矩阵匹配结束，未发现匹配项
[07:06:54.505] 🔍 从缓存查找翻译
[07:06:54.505] ❌ 缓存未找到，准备请求翻译并等待结果
[07:06:54.505] ✅ [IPC FAST] 异步翻译请求(接收) 已入队 | Slot:1 | Pending:1 | Event:OK
[07:06:55.566] 📥 [IPC/Receive] 来源:SLOW | 大小:1040
[07:06:55.566] 🧠 [IPC/In] 收到他人消息翻译回应 (已更新缓存)
[07:06:55.566]    ├─ 方向: Incoming (收)
[07:06:55.566]    ├─ 原文: hello
[07:06:55.566]    └─ 译文: 你好
[07:06:55.566] ✅ [IPC SLOW] 翻译映射/发送完成 已入队 | Slot:0 | Pending:1 | Event:OK
[07:06:55.581] 📥 [NetEventChatFromHost] 收到同步包
[07:06:55.581]    ├─ 原始 PID: 0x3 (提取后: 3)
[07:06:55.581]    ├─ 消息标志: 0x00000020
[07:06:55.581]    ├─ 消息范围: 0x00000000
[07:06:55.581]    ├─ 总计长度: 12 字节
[07:06:55.581]    ├─ 原始字节 (12 bytes): 20 00 00 00 00 E4 BD A0 E5 A5 BD 00 
[07:06:55.581]    └─ 文本内容: 你好
[07:06:55.581] 🔍 [getDefaultShoutContent] 开始比对内容: "你好"
[07:06:55.581]    ├─ [0] 锚点: src="", def=""
[07:06:55.581]    ├─ [1] 锚点: src="", def=""
[07:06:55.581]    ├─ [2] 锚点: src="", def=""
[07:06:55.581]    ├─ [3] 锚点: src="", def=""
[07:06:55.581]    ├─ [4] 锚点: src="", def=""
[07:06:55.581]    ├─ [5] 锚点: src="", def=""
[07:06:55.581]    ├─ [6] 锚点: src="", def=""
[07:06:55.581]    └─ ❌ 矩阵匹配结束，未发现匹配项
[07:06:55.581] 🔍 从缓存查找翻译
[07:06:55.581] ✅ 从缓存中找到翻译，自动转为本地语言: 你好
[07:06:55.581]    └─ ✅ 内容已重定向，新长度: 12
[07:10:57.475] 准备初始化 War3Hook
[07:10:57.477] ✨ 共享内存首次创建: 双通道缓冲区索引已归零。
[07:10:57.477] 进程路径: X:\单机游戏\魔兽3-冰封王座\War3.exe
[07:10:57.477] getCurrentWar3Version 开始
[07:10:57.477] 进程名: War3.exe
[07:10:57.477] 进程名验证通过✅
[07:10:57.477] [VersionFlag] 检测到版本: 1.26.0.6401, 版本标志设为: 1
[07:10:57.477] getCurrentWar3Version 完成
[07:10:57.477] [VersionCheck] 正在检测高版本: 1.26.0.6401 | 参数 includeV126: 0 | 识别方式: 常用版本字符串判断 | 结果: 属于低版本
[07:10:57.477] [VersionCheck] 正在检测版本: 1.26.0.6401 | 识别方式: 常用版本字符串判断 | 结果: 高版本
[07:10:57.477] 🚀 IPC 信号驱动线程已启动 (双通道监控模式)
[07:10:57.477] getModuleBaseAddress: 开始查找模块 [game.dll]
[07:10:57.477] getModuleBaseAddress: 通过GetModuleHandleA成功获取模块 [game.dll] 基地址: 0x6F000000
[07:10:57.477] 🔍 [FindOffset] 开始搜索偏移. 目标版本: 1.26.0.6401
[07:10:57.477]       - DLL基址: 0x6F000000
[07:10:57.477]       - DLL大小: 12275712 (0xBB5000)
[07:10:57.477]       - ✅ 精确匹配成功: 预设偏移 0x2FC981
[07:10:57.477] 🔍 [FindOffset] 开始搜索偏移. 目标版本: 1.26.0.6401
[07:10:57.477]       - DLL基址: 0x6F000000
[07:10:57.477]       - DLL大小: 12275712 (0xBB5000)
[07:10:57.477]       - ✅ 精确匹配成功: 预设偏移 0x2FB480
[07:10:57.477] 🔍 [FindOffset] 开始搜索偏移. 目标版本: 1.26.0.6401
[07:10:57.477]       - DLL基址: 0x6F000000
[07:10:57.477]       - DLL大小: 12275712 (0xBB5000)
[07:10:57.477]       - ✅ 精确匹配成功: 预设偏移 0x67B5E9
[07:10:57.477] 🔍 [FindOffset] 开始搜索偏移. 目标版本: 1.26.0.6401
[07:10:57.477]       - DLL基址: 0x6F000000
[07:10:57.477]       - DLL大小: 12275712 (0xBB5000)
[07:10:57.477]       - ✅ 精确匹配成功: 预设偏移 0x65AE80
[07:10:57.477] 🔍 [FindOffset] 开始搜索偏移. 目标版本: 1.26.0.6401
[07:10:57.477]       - DLL基址: 0x6F000000
[07:10:57.477]       - DLL大小: 12275712 (0xBB5000)
[07:10:57.477]       - ✅ 精确匹配成功: 预设偏移 0x2FEA4B
[07:10:57.477] War3Hook 初始化完成
[07:10:57.477] ✅ 初始化成功！执行安装。
[07:10:57.477] 🚀 开始安装全系统钩子...
[07:10:57.477] 开始安装 game.dll GameChatRecipientInGame_ Hook...
[07:10:57.477] 开始安装钩子！钩子函数: jumpWhenCallGameChatRecipientInGame_
[07:10:57.477] getModuleBaseAddress: 开始查找模块 [game.dll]
[07:10:57.477] getModuleBaseAddress: 通过GetModuleHandleA成功获取模块 [game.dll] 基地址: 0x6F000000
[07:10:57.477] 修改地址: 0x6F2FC981
[07:10:57.477] 调用地址: 0x6F2FB480
[07:10:57.477] 返回地址: 0x6F2FC986
[07:10:57.477] 找到钩子函数地址: 0x03C163EC
[07:10:57.477] 准备写入的字节码 (5 bytes): E9 66 9A 91 94 
[07:10:57.477] 保存的原始字节码 (5 bytes): E8 FA EA FF FF 
[07:10:57.477] 钩子安装成功！ 地址: 0x6F2FC981
[07:10:57.477] 修复相对偏移(5字节指令) 0: 0xFFFFEAFA -> 0x6B83B47B
[07:10:57.477] 跳板 [0] 地址: 0x03AC0000
[07:10:57.477] 钩子安装成功！ 钩子函数: jumpWhenCallGameChatRecipientInGame_
[07:10:57.477] [game.dll] GameChatRecipientInGame_ 钩子安装成功。
[07:10:57.477]   - 修改地址: 0x6F2FC981
[07:10:57.477]   - 函数地址: 0x6F2FB480
[07:10:57.477]   - 返回地址: 0x6F2FC986
[07:10:57.477]   - 跳板地址: 0x03AC0000
[07:10:57.477]   ├──  Logic: ChatRecipientInGame                    [OK ✅]
[07:10:57.477] 开始安装 game.dll GameNetEventChatFromHost Hook...
[07:10:57.477] 开始安装钩子！钩子函数: jumpWhenCallGameNetEventChatFromHost
[07:10:57.477] getModuleBaseAddress: 开始查找模块 [game.dll]
[07:10:57.477] getModuleBaseAddress: 通过GetModuleHandleA成功获取模块 [game.dll] 基地址: 0x6F000000
[07:10:57.477] 修改地址: 0x6F67B5E9
[07:10:57.477] 调用地址: 0x6F65AE80
[07:10:57.477] 返回地址: 0x6F67B5EE
[07:10:57.477] 找到钩子函数地址: 0x03C16896
[07:10:57.477] 准备写入的字节码 (5 bytes): E9 A8 B2 59 94 
[07:10:57.477] 保存的原始字节码 (5 bytes): E8 92 F8 FD FF 
[07:10:57.477] 钩子安装成功！ 地址: 0x6F67B5E9
[07:10:57.477] 修复相对偏移(5字节指令) 0: 0xFFFDF892 -> 0x6BB9AE6B
[07:10:57.477] 跳板 [0] 地址: 0x03AC0010
[07:10:57.477] 钩子安装成功！ 钩子函数: jumpWhenCallGameNetEventChatFromHost
[07:10:57.477] [game.dll] GameNetEventChatFromHost 钩子安装成功。
[07:10:57.477]   - 修改地址: 0x6F67B5E9
[07:10:57.477]   - 函数地址: 0x6F65AE80
[07:10:57.477]   - 返回地址: 0x6F67B5EE
[07:10:57.477]   - 跳板地址: 0x03AC0010
[07:10:57.477]   ├──  Logic: NetEventChatFromHost                   [OK ✅]
[07:10:57.477] 开始安装 game.dll GamePrimaryGameUIVtable_ Hook...
[07:10:57.477] 开始安装钩子！钩子函数: jumpWhenCallGamePrimaryGameUIVtable_
[07:10:57.477] getModuleBaseAddress: 开始查找模块 [game.dll]
[07:10:57.477] getModuleBaseAddress: 通过GetModuleHandleA成功获取模块 [game.dll] 基地址: 0x6F000000
[07:10:57.477] 修改地址: 0x6F2FEA4B
[07:10:57.477] 返回地址: 0x6F2FEA51
[07:10:57.477] 找到钩子函数地址: 0x03C16EB1
[07:10:57.477] 准备写入的字节码 (6 bytes): E9 61 84 91 94 90 
[07:10:57.477] 保存的原始字节码 (6 bytes): C7 06 1C 63 93 6F 
[07:10:57.477] 钩子安装成功！ 地址: 0x6F2FEA4B
[07:10:57.477] 跳板 [0] 地址: 0x03AC0020
[07:10:57.477] 钩子安装成功！ 钩子函数: jumpWhenCallGamePrimaryGameUIVtable_
[07:10:57.477] [VersionCheck] 正在检测高版本: 1.26.0.6401 | 参数 includeV126: 0 | 识别方式: 常用版本字符串判断 | 结果: 属于低版本
[07:10:57.477] ✅ [版本适配] 检测到 War3 版本类型: 常规版本 (1.26-)
[07:10:57.477]    ├─ 虚表基址: 0x6F93631C (通过指令 C7 06 提取)
[07:10:57.477]    └─ 目标函数 (+0x0C): 0x6F3012E0
[07:10:57.477] [game.dll] GamePrimaryGameUIVtable_ 钩子安装成功。
[07:10:57.477]   - 修改地址: 0x6F2FEA4B
[07:10:57.477]   - 返回地址: 0x6F2FEA51
[07:10:57.477]   - 跳板地址: 0x03AC0020
[07:10:57.477]   ├──  Logic: PrimaryGameUIVtable                    [OK ✅]
[07:10:57.477] ✨ 安装任务结束。状态: 全部成功
[07:10:59.470] ℹ️ [拦截] 钩子已经安装过，无需操作。
[07:11:01.412] 📥 [NetEventChatFromHost] 收到同步包
[07:11:01.412]    ├─ 原始 PID: 0x2 (提取后: 2)
[07:11:01.412]    ├─ 消息标志: 0x66637C10
[07:11:01.412]    ├─ 消息范围: 0x00000000
[07:11:01.412]    ├─ 总计长度: 41 字节
[07:11:01.412]    ├─ 原始字节 (41 bytes): 10 7C 63 66 66 66 66 30 30 30 30 47 61 6D 65 20 73 74 61 72 74 73 20 69 6E 20 35 20 73 65 63 6F 6E 64 73 2E 2E 2E 7C 72 00 
[07:11:01.412]    └─ 文本内容: fff0000Game starts in 5 seconds...|r
[07:11:01.412] 🔍 检测到机器人消息 (PID: 2)
[07:11:08.650] 🔄 [对象] GameUI 指针: 0x34490088
[07:11:31.665] 💬 [聊天分发] 内容: 「你好」
[07:11:31.665]    ├─ 接收者: 所有人(All)
[07:11:31.665]    ├─ 场景状态: 联网模式(Network) [0x1]
[07:11:31.665]    └─ 停留时长: 10.0 秒
[07:11:31.665] ✅ [IPC FAST] 异步翻译请求(发送) 已入队 | Slot:0 | Pending:1 | Event:OK
[07:15:19.001] 准备初始化 War3Hook
[07:15:19.003] ✨ 共享内存首次创建: 双通道缓冲区索引已归零。
[07:15:19.004] 进程路径: X:\单机游戏\魔兽3-冰封王座\War3.exe
[07:15:19.004] getCurrentWar3Version 开始
[07:15:19.004] 进程名: War3.exe
[07:15:19.004] 进程名验证通过✅
[07:15:19.004] [VersionFlag] 检测到版本: 1.26.0.6401, 版本标志设为: 1
[07:15:19.004] getCurrentWar3Version 完成
[07:15:19.004] [VersionCheck] 正在检测高版本: 1.26.0.6401 | 参数 includeV126: 0 | 识别方式: 常用版本字符串判断 | 结果: 属于低版本
[07:15:19.004] [VersionCheck] 正在检测版本: 1.26.0.6401 | 识别方式: 常用版本字符串判断 | 结果: 高版本
[07:15:19.004] getModuleBaseAddress: 开始查找模块 [game.dll]
[07:15:19.004] getModuleBaseAddress: 通过GetModuleHandleA成功获取模块 [game.dll] 基地址: 0x6F000000
[07:15:19.004] 🔍 [FindOffset] 开始搜索偏移. 目标版本: 1.26.0.6401
[07:15:19.004]       - DLL基址: 0x6F000000
[07:15:19.004]       - DLL大小: 12275712 (0xBB5000)
[07:15:19.004]       - ✅ 精确匹配成功: 预设偏移 0x2FC981
[07:15:19.004] 🔍 [FindOffset] 开始搜索偏移. 目标版本: 1.26.0.6401
[07:15:19.004]       - DLL基址: 0x6F000000
[07:15:19.004]       - DLL大小: 12275712 (0xBB5000)
[07:15:19.004]       - ✅ 精确匹配成功: 预设偏移 0x2FB480
[07:15:19.004] 🔍 [FindOffset] 开始搜索偏移. 目标版本: 1.26.0.6401
[07:15:19.004]       - DLL基址: 0x6F000000
[07:15:19.004]       - DLL大小: 12275712 (0xBB5000)
[07:15:19.004]       - ✅ 精确匹配成功: 预设偏移 0x67B5E9
[07:15:19.004] 🔍 [FindOffset] 开始搜索偏移. 目标版本: 1.26.0.6401
[07:15:19.004]       - DLL基址: 0x6F000000
[07:15:19.004]       - DLL大小: 12275712 (0xBB5000)
[07:15:19.004]       - ✅ 精确匹配成功: 预设偏移 0x65AE80
[07:15:19.004] 🔍 [FindOffset] 开始搜索偏移. 目标版本: 1.26.0.6401
[07:15:19.004]       - DLL基址: 0x6F000000
[07:15:19.004]       - DLL大小: 12275712 (0xBB5000)
[07:15:19.004]       - ✅ 精确匹配成功: 预设偏移 0x2FEA4B
[07:15:19.004] War3Hook 初始化完成
[07:15:19.004] ✅ 初始化成功！执行安装。
[07:15:19.004] 🚀 开始安装全系统钩子...
[07:15:19.004] 开始安装 game.dll GameChatRecipientInGame_ Hook...
[07:15:19.004] 开始安装钩子！钩子函数: jumpWhenCallGameChatRecipientInGame_
[07:15:19.004] getModuleBaseAddress: 开始查找模块 [game.dll]
[07:15:19.004] getModuleBaseAddress: 通过GetModuleHandleA成功获取模块 [game.dll] 基地址: 0x6F000000
[07:15:19.004] 🚀 IPC 信号驱动线程已启动 (双通道监控模式)
[07:15:19.004] 修改地址: 0x6F2FC981
[07:15:19.004] 调用地址: 0x6F2FB480
[07:15:19.004] 返回地址: 0x6F2FC986
[07:15:19.004] 找到钩子函数地址: 0x076C63EC
[07:15:19.004] 准备写入的字节码 (5 bytes): E9 66 9A 3C 98 
[07:15:19.028] 保存的原始字节码 (5 bytes): E8 FA EA FF FF 
[07:15:19.028] 钩子安装成功！ 地址: 0x6F2FC981
[07:15:19.028] 修复相对偏移(5字节指令) 0: 0xFFFFEAFA -> 0x6C25B47B
[07:15:19.028] 跳板 [0] 地址: 0x030A0000
[07:15:19.028] 钩子安装成功！ 钩子函数: jumpWhenCallGameChatRecipientInGame_
[07:15:19.028] [game.dll] GameChatRecipientInGame_ 钩子安装成功。
[07:15:19.028]   - 修改地址: 0x6F2FC981
[07:15:19.028]   - 函数地址: 0x6F2FB480
[07:15:19.028]   - 返回地址: 0x6F2FC986
[07:15:19.028]   - 跳板地址: 0x030A0000
[07:15:19.028]   ├──  Logic: ChatRecipientInGame                    [OK ✅]
[07:15:19.028] 开始安装 game.dll GameNetEventChatFromHost Hook...
[07:15:19.028] 开始安装钩子！钩子函数: jumpWhenCallGameNetEventChatFromHost
[07:15:19.028] getModuleBaseAddress: 开始查找模块 [game.dll]
[07:15:19.028] getModuleBaseAddress: 通过GetModuleHandleA成功获取模块 [game.dll] 基地址: 0x6F000000
[07:15:19.028] 修改地址: 0x6F67B5E9
[07:15:19.028] 调用地址: 0x6F65AE80
[07:15:19.028] 返回地址: 0x6F67B5EE
[07:15:19.028] 找到钩子函数地址: 0x076C6896
[07:15:19.028] 准备写入的字节码 (5 bytes): E9 A8 B2 04 98 
[07:15:19.028] 保存的原始字节码 (5 bytes): E8 92 F8 FD FF 
[07:15:19.028] 钩子安装成功！ 地址: 0x6F67B5E9
[07:15:19.028] 修复相对偏移(5字节指令) 0: 0xFFFDF892 -> 0x6C5BAE6B
[07:15:19.028] 跳板 [0] 地址: 0x030A0010
[07:15:19.028] 钩子安装成功！ 钩子函数: jumpWhenCallGameNetEventChatFromHost
[07:15:19.028] [game.dll] GameNetEventChatFromHost 钩子安装成功。
[07:15:19.028]   - 修改地址: 0x6F67B5E9
[07:15:19.028]   - 函数地址: 0x6F65AE80
[07:15:19.028]   - 返回地址: 0x6F67B5EE
[07:15:19.028]   - 跳板地址: 0x030A0010
[07:15:19.028]   ├──  Logic: NetEventChatFromHost                   [OK ✅]
[07:15:19.028] 开始安装 game.dll GamePrimaryGameUIVtable_ Hook...
[07:15:19.028] 开始安装钩子！钩子函数: jumpWhenCallGamePrimaryGameUIVtable_
[07:15:19.028] getModuleBaseAddress: 开始查找模块 [game.dll]
[07:15:19.028] getModuleBaseAddress: 通过GetModuleHandleA成功获取模块 [game.dll] 基地址: 0x6F000000
[07:15:19.028] 修改地址: 0x6F2FEA4B
[07:15:19.028] 返回地址: 0x6F2FEA51
[07:15:19.028] 找到钩子函数地址: 0x076C6EB1
[07:15:19.028] 准备写入的字节码 (6 bytes): E9 61 84 3C 98 90 
[07:15:19.028] 保存的原始字节码 (6 bytes): C7 06 1C 63 93 6F 
[07:15:19.028] 钩子安装成功！ 地址: 0x6F2FEA4B
[07:15:19.028] 跳板 [0] 地址: 0x030A0020
[07:15:19.028] 钩子安装成功！ 钩子函数: jumpWhenCallGamePrimaryGameUIVtable_
[07:15:19.028] [VersionCheck] 正在检测高版本: 1.26.0.6401 | 参数 includeV126: 0 | 识别方式: 常用版本字符串判断 | 结果: 属于低版本
[07:15:19.029] ✅ [版本适配] 检测到 War3 版本类型: 常规版本 (1.26-)
[07:15:19.029]    ├─ 虚表基址: 0x6F93631C (通过指令 C7 06 提取)
[07:15:19.029]    └─ 目标函数 (+0x0C): 0x6F3012E0
[07:15:19.029] [game.dll] GamePrimaryGameUIVtable_ 钩子安装成功。
[07:15:19.029]   - 修改地址: 0x6F2FEA4B
[07:15:19.029]   - 返回地址: 0x6F2FEA51
[07:15:19.029]   - 跳板地址: 0x030A0020
[07:15:19.029]   ├──  Logic: PrimaryGameUIVtable                    [OK ✅]
[07:15:19.029] ✨ 安装任务结束。状态: 全部成功
[07:15:20.992] ℹ️ [拦截] 钩子已经安装过，无需操作。
[07:15:28.422] 📥 [NetEventChatFromHost] 收到同步包
[07:15:28.422]    ├─ 原始 PID: 0x2 (提取后: 2)
[07:15:28.422]    ├─ 消息标志: 0x66637C10
[07:15:28.422]    ├─ 消息范围: 0x00000000
[07:15:28.422]    ├─ 总计长度: 41 字节
[07:15:28.422]    ├─ 原始字节 (41 bytes): 10 7C 63 66 66 66 66 30 30 30 30 47 61 6D 65 20 73 74 61 72 74 73 20 69 6E 20 35 20 73 65 63 6F 6E 64 73 2E 2E 2E 7C 72 00 
[07:15:28.422]    └─ 文本内容: fff0000Game starts in 5 seconds...|r
[07:15:29.042] 🔍 检测到机器人消息 (PID: 2)
[07:15:35.410] 🔄 [对象] GameUI 指针: 0x31DD0088
[07:15:49.884] 💬 [聊天分发] 内容: 「你好」
[07:15:49.884]    ├─ 接收者: 所有人(All)
[07:15:49.884]    ├─ 场景状态: 联网模式(Network) [0x1]
[07:15:49.884]    └─ 停留时长: 10.0 秒
[07:15:49.884] ✅ [IPC FAST] 异步翻译请求(发送) 已入队 | Slot:0 | Pending:1 | Event:OK
[07:15:50.972] 📥 [IPC/Receive] 来源:SLOW | 大小:1040
[07:15:50.972] 🚀 [IPC/Out] 收到自发消息翻译回应 (准备注入发送流)
[07:15:50.974]    ├─ 方向: Outgoing (发)
[07:15:50.974]    ├─ 原文: 你好
[07:15:50.974]    └─ 译文: Привет
[07:15:50.974] ✅ [IPC SLOW] 翻译映射/发送完成 已入队 | Slot:0 | Pending:1 | Event:OK
[07:15:50.974] 📥 [IPC/Receive] 来源:SLOW | 大小:1040
[07:15:50.974] 🚀 [IPC/Out] 收到自发消息翻译回应 (准备注入发送流)
[07:15:50.978]    ├─ 方向: Outgoing (发)
[07:15:50.978]    ├─ 原文: 你好
[07:15:50.978]    └─ 译文: Hello
[07:15:50.978] ✅ [IPC SLOW] 翻译映射/发送完成 已入队 | Slot:1 | Pending:2 | Event:OK
[07:15:50.978] 📥 [IPC/Receive] 来源:SLOW | 大小:1040
[07:15:50.978] 🚀 [IPC/Out] 收到自发消息翻译回应 (准备注入发送流)
[07:15:50.978]    ├─ 方向: Outgoing (发)
[07:15:50.978]    ├─ 原文: 你好
[07:15:50.978]    └─ 译文: 你好
[07:15:50.978] ✅ [IPC SLOW] 翻译映射/发送完成 已入队 | Slot:2 | Pending:3 | Event:OK
[07:15:50.978] 📥 [IPC/Receive] 来源:SLOW | 大小:1040
[07:15:50.978] 🚀 [IPC/Out] 收到自发消息翻译回应 (准备注入发送流)
[07:15:50.979]    ├─ 方向: Outgoing (发)
[07:15:50.979]    ├─ 原文: 你好
[07:15:50.979]    └─ 译文: 你好
[07:15:50.979] ✅ [IPC SLOW] 翻译映射/发送完成 已入队 | Slot:3 | Pending:4 | Event:OK
[07:22:18.242] 准备初始化 War3Hook
[07:22:18.245] ✨ 共享内存首次创建: 双通道缓冲区索引已归零。
[07:22:18.245] 进程路径: X:\单机游戏\魔兽3-冰封王座\War3.exe
[07:22:18.245] getCurrentWar3Version 开始
[07:22:18.245] 进程名: War3.exe
[07:22:18.245] 进程名验证通过✅
[07:22:18.245] [VersionFlag] 检测到版本: 1.26.0.6401, 版本标志设为: 1
[07:22:18.245] getCurrentWar3Version 完成
[07:22:18.245] [VersionCheck] 正在检测高版本: 1.26.0.6401 | 参数 includeV126: 0 | 识别方式: 常用版本字符串判断 | 结果: 属于低版本
[07:22:18.245] [VersionCheck] 正在检测版本: 1.26.0.6401 | 识别方式: 常用版本字符串判断 | 结果: 高版本
[07:22:18.245] getModuleBaseAddress: 开始查找模块 [game.dll]
[07:22:18.245] getModuleBaseAddress: 通过GetModuleHandleA成功获取模块 [game.dll] 基地址: 0x6F000000
[07:22:18.245] 🔍 [FindOffset] 开始搜索偏移. 目标版本: 1.26.0.6401
[07:22:18.245]       - DLL基址: 0x6F000000
[07:22:18.245]       - DLL大小: 12275712 (0xBB5000)
[07:22:18.245]       - ✅ 精确匹配成功: 预设偏移 0x2FC981
[07:22:18.245] 🔍 [FindOffset] 开始搜索偏移. 目标版本: 1.26.0.6401
[07:22:18.245]       - DLL基址: 0x6F000000
[07:22:18.245]       - DLL大小: 12275712 (0xBB5000)
[07:22:18.245]       - ✅ 精确匹配成功: 预设偏移 0x2FB480
[07:22:18.245] 🔍 [FindOffset] 开始搜索偏移. 目标版本: 1.26.0.6401
[07:22:18.245]       - DLL基址: 0x6F000000
[07:22:18.245]       - DLL大小: 12275712 (0xBB5000)
[07:22:18.245]       - ✅ 精确匹配成功: 预设偏移 0x67B5E9
[07:22:18.245] 🔍 [FindOffset] 开始搜索偏移. 目标版本: 1.26.0.6401
[07:22:18.245]       - DLL基址: 0x6F000000
[07:22:18.245] 🚀 IPC 信号驱动线程已启动 (双通道监控模式)
[07:22:18.245]       - DLL大小: 12275712 (0xBB5000)
[07:22:18.245]       - ✅ 精确匹配成功: 预设偏移 0x65AE80
[07:22:18.245] 🔍 [FindOffset] 开始搜索偏移. 目标版本: 1.26.0.6401
[07:22:18.245]       - DLL基址: 0x6F000000
[07:22:18.245]       - DLL大小: 12275712 (0xBB5000)
[07:22:18.245]       - ✅ 精确匹配成功: 预设偏移 0x2FEA4B
[07:22:18.245] War3Hook 初始化完成
[07:22:18.245] ✅ 初始化成功！执行安装。
[07:22:18.245] 🚀 开始安装全系统钩子...
[07:22:18.245] 开始安装 game.dll GameChatRecipientInGame_ Hook...
[07:22:18.245] 开始安装钩子！钩子函数: jumpWhenCallGameChatRecipientInGame_
[07:22:18.245] getModuleBaseAddress: 开始查找模块 [game.dll]
[07:22:18.245] getModuleBaseAddress: 通过GetModuleHandleA成功获取模块 [game.dll] 基地址: 0x6F000000
[07:22:18.245] 修改地址: 0x6F2FC981
[07:22:18.245] 调用地址: 0x6F2FB480
[07:22:18.245] 返回地址: 0x6F2FC986
[07:22:18.245] 找到钩子函数地址: 0x07CA63EC
[07:22:18.245] 准备写入的字节码 (5 bytes): E9 66 9A 9A 98 
[07:22:18.245] 保存的原始字节码 (5 bytes): E8 FA EA FF FF 
[07:22:18.245] 钩子安装成功！ 地址: 0x6F2FC981
[07:22:18.245] 修复相对偏移(5字节指令) 0: 0xFFFFEAFA -> 0x6CEDB47B
[07:22:18.245] 跳板 [0] 地址: 0x02420000
[07:22:18.245] 钩子安装成功！ 钩子函数: jumpWhenCallGameChatRecipientInGame_
[07:22:18.245] [game.dll] GameChatRecipientInGame_ 钩子安装成功。
[07:22:18.245]   - 修改地址: 0x6F2FC981
[07:22:18.245]   - 函数地址: 0x6F2FB480
[07:22:18.245]   - 返回地址: 0x6F2FC986
[07:22:18.245]   - 跳板地址: 0x02420000
[07:22:18.245]   ├──  Logic: ChatRecipientInGame                    [OK ✅]
[07:22:18.245] 开始安装 game.dll GameNetEventChatFromHost Hook...
[07:22:18.245] 开始安装钩子！钩子函数: jumpWhenCallGameNetEventChatFromHost
[07:22:18.245] getModuleBaseAddress: 开始查找模块 [game.dll]
[07:22:18.245] getModuleBaseAddress: 通过GetModuleHandleA成功获取模块 [game.dll] 基地址: 0x6F000000
[07:22:18.245] 修改地址: 0x6F67B5E9
[07:22:18.245] 调用地址: 0x6F65AE80
[07:22:18.245] 返回地址: 0x6F67B5EE
[07:22:18.245] 找到钩子函数地址: 0x07CA6896
[07:22:18.245] 准备写入的字节码 (5 bytes): E9 A8 B2 62 98 
[07:22:18.245] 保存的原始字节码 (5 bytes): E8 92 F8 FD FF 
[07:22:18.245] 钩子安装成功！ 地址: 0x6F67B5E9
[07:22:18.245] 修复相对偏移(5字节指令) 0: 0xFFFDF892 -> 0x6D23AE6B
[07:22:18.245] 跳板 [0] 地址: 0x02420010
[07:22:18.245] 钩子安装成功！ 钩子函数: jumpWhenCallGameNetEventChatFromHost
[07:22:18.245] [game.dll] GameNetEventChatFromHost 钩子安装成功。
[07:22:18.245]   - 修改地址: 0x6F67B5E9
[07:22:18.245]   - 函数地址: 0x6F65AE80
[07:22:18.245]   - 返回地址: 0x6F67B5EE
[07:22:18.245]   - 跳板地址: 0x02420010
[07:22:18.245]   ├──  Logic: NetEventChatFromHost                   [OK ✅]
[07:22:18.245] 开始安装 game.dll GamePrimaryGameUIVtable_ Hook...
[07:22:18.245] 开始安装钩子！钩子函数: jumpWhenCallGamePrimaryGameUIVtable_
[07:22:18.245] getModuleBaseAddress: 开始查找模块 [game.dll]
[07:22:18.245] getModuleBaseAddress: 通过GetModuleHandleA成功获取模块 [game.dll] 基地址: 0x6F000000
[07:22:18.245] 修改地址: 0x6F2FEA4B
[07:22:18.245] 返回地址: 0x6F2FEA51
[07:22:18.245] 找到钩子函数地址: 0x07CA6EB1
[07:22:18.245] 准备写入的字节码 (6 bytes): E9 61 84 9A 98 90 
[07:22:18.245] 保存的原始字节码 (6 bytes): C7 06 1C 63 93 6F 
[07:22:18.245] 钩子安装成功！ 地址: 0x6F2FEA4B
[07:22:18.245] 跳板 [0] 地址: 0x02420020
[07:22:18.245] 钩子安装成功！ 钩子函数: jumpWhenCallGamePrimaryGameUIVtable_
[07:22:18.245] [VersionCheck] 正在检测高版本: 1.26.0.6401 | 参数 includeV126: 0 | 识别方式: 常用版本字符串判断 | 结果: 属于低版本
[07:22:18.245] ✅ [版本适配] 检测到 War3 版本类型: 常规版本 (1.26-)
[07:22:18.246]    ├─ 虚表基址: 0x6F93631C (通过指令 C7 06 提取)
[07:22:18.246]    └─ 目标函数 (+0x0C): 0x6F3012E0
[07:22:18.246] [game.dll] GamePrimaryGameUIVtable_ 钩子安装成功。
[07:22:18.246]   - 修改地址: 0x6F2FEA4B
[07:22:18.246]   - 返回地址: 0x6F2FEA51
[07:22:18.246]   - 跳板地址: 0x02420020
[07:22:18.246]   ├──  Logic: PrimaryGameUIVtable                    [OK ✅]
[07:22:18.246] ✨ 安装任务结束。状态: 全部成功
[07:22:20.228] ℹ️ [拦截] 钩子已经安装过，无需操作。
[07:22:21.656] 📥 [NetEventChatFromHost] 收到同步包
[07:22:21.656]    ├─ 原始 PID: 0x2 (提取后: 2)
[07:22:21.656]    ├─ 消息标志: 0x66637C10
[07:22:21.656]    ├─ 消息范围: 0x00000000
[07:22:21.656]    ├─ 总计长度: 41 字节
[07:22:21.656]    ├─ 原始字节 (41 bytes): 10 7C 63 66 66 66 66 30 30 30 30 47 61 6D 65 20 73 74 61 72 74 73 20 69 6E 20 35 20 73 65 63 6F 6E 64 73 2E 2E 2E 7C 72 00 
[07:22:21.656]    └─ 文本内容: fff0000Game starts in 5 seconds...|r
[07:22:21.656] 🔍 检测到机器人消息 (PID: 2)
[07:22:28.634] 🔄 [对象] GameUI 指针: 0x32460088
[07:22:43.247] 💬 [聊天分发] 内容: 「你好」
[07:22:43.247]    ├─ 接收者: 所有人(All)
[07:22:43.247]    ├─ 场景状态: 联网模式(Network) [0x1]
[07:22:43.247]    └─ 停留时长: 10.0 秒
[07:22:43.247] ✅ [IPC FAST] 异步翻译请求(发送) 已入队 | Slot:0 | Pending:1 | Event:OK
[07:22:43.248] 📥 [IPC/Receive] 来源:SLOW | 大小:1040
[07:22:43.248] 🚀 [IPC/Out] 收到自发消息翻译回应 (准备注入发送流)
[07:22:43.249]    ├─ 方向: Outgoing (发)
[07:22:43.249]    ├─ 原文: 你好
[07:22:43.249]    └─ 译文: 你好
[07:22:43.249] ✅ [IPC SLOW] 翻译映射/发送完成 已入队 | Slot:0 | Pending:1 | Event:OK
[07:22:43.249] 📥 [IPC/Receive] 来源:SLOW | 大小:1040
[07:22:43.249] 🚀 [IPC/Out] 收到自发消息翻译回应 (准备注入发送流)
[07:22:43.249]    ├─ 方向: Outgoing (发)
[07:22:43.249]    ├─ 原文: 你好
[07:22:43.249]    └─ 译文: 你好
[07:22:43.249] ✅ [IPC SLOW] 翻译映射/发送完成 已入队 | Slot:1 | Pending:2 | Event:OK
[07:22:43.249] 📥 [IPC/Receive] 来源:SLOW | 大小:1040
[07:22:43.249] 🚀 [IPC/Out] 收到自发消息翻译回应 (准备注入发送流)
[07:22:43.249]    ├─ 方向: Outgoing (发)
[07:22:43.249]    ├─ 原文: 你好
[07:22:43.249]    └─ 译文: Hello
[07:22:43.249] ✅ [IPC SLOW] 翻译映射/发送完成 已入队 | Slot:2 | Pending:3 | Event:OK
[07:22:43.250] 📥 [IPC/Receive] 来源:SLOW | 大小:1040
[07:22:43.250] 🚀 [IPC/Out] 收到自发消息翻译回应 (准备注入发送流)
[07:22:43.250]    ├─ 方向: Outgoing (发)
[07:22:43.250]    ├─ 原文: 你好
[07:22:43.250]    └─ 译文: Привет
[07:22:43.250] ✅ [IPC SLOW] 翻译映射/发送完成 已入队 | Slot:3 | Pending:1 | Event:OK
[07:28:56.492] 准备初始化 War3Hook
[07:28:56.495] ✨ 共享内存首次创建: 双通道缓冲区索引已归零。
[07:28:56.495] 进程路径: X:\单机游戏\魔兽3-冰封王座\War3.exe
[07:28:56.495] getCurrentWar3Version 开始
[07:28:56.495] 进程名: War3.exe
[07:28:56.495] 进程名验证通过✅
[07:28:56.495] [VersionFlag] 检测到版本: 1.26.0.6401, 版本标志设为: 1
[07:28:56.495] getCurrentWar3Version 完成
[07:28:56.495] [VersionCheck] 正在检测高版本: 1.26.0.6401 | 参数 includeV126: 0 | 识别方式: 常用版本字符串判断 | 结果: 属于低版本
[07:28:56.495] [VersionCheck] 正在检测版本: 1.26.0.6401 | 识别方式: 常用版本字符串判断 | 结果: 高版本
[07:28:56.495] getModuleBaseAddress: 开始查找模块 [game.dll]
[07:28:56.495] getModuleBaseAddress: 通过GetModuleHandleA成功获取模块 [game.dll] 基地址: 0x6F000000
[07:28:56.495] 🔍 [FindOffset] 开始搜索偏移. 目标版本: 1.26.0.6401
[07:28:56.495]       - DLL基址: 0x6F000000
[07:28:56.495]       - DLL大小: 12275712 (0xBB5000)
[07:28:56.495]       - ✅ 精确匹配成功: 预设偏移 0x2FC981
[07:28:56.495] 🔍 [FindOffset] 开始搜索偏移. 目标版本: 1.26.0.6401
[07:28:56.495]       - DLL基址: 0x6F000000
[07:28:56.495]       - DLL大小: 12275712 (0xBB5000)
[07:28:56.495]       - ✅ 精确匹配成功: 预设偏移 0x2FB480
[07:28:56.495] 🔍 [FindOffset] 开始搜索偏移. 目标版本: 1.26.0.6401
[07:28:56.495]       - DLL基址: 0x6F000000
[07:28:56.495]       - DLL大小: 12275712 (0xBB5000)
[07:28:56.495]       - ✅ 精确匹配成功: 预设偏移 0x67B5E9
[07:28:56.495] 🔍 [FindOffset] 开始搜索偏移. 目标版本: 1.26.0.6401
[07:28:56.495]       - DLL基址: 0x6F000000
[07:28:56.495]       - DLL大小: 12275712 (0xBB5000)
[07:28:56.495]       - ✅ 精确匹配成功: 预设偏移 0x65AE80
[07:28:56.495] 🔍 [FindOffset] 开始搜索偏移. 目标版本: 1.26.0.6401
[07:28:56.495]       - DLL基址: 0x6F000000
[07:28:56.495]       - DLL大小: 12275712 (0xBB5000)
[07:28:56.495]       - ✅ 精确匹配成功: 预设偏移 0x2FEA4B
[07:28:56.495] War3Hook 初始化完成
[07:28:56.495] ✅ 初始化成功！执行安装。
[07:28:56.495] 🚀 开始安装全系统钩子...
[07:28:56.495] 开始安装 game.dll GameChatRecipientInGame_ Hook...
[07:28:56.495] 开始安装钩子！钩子函数: jumpWhenCallGameChatRecipientInGame_
[07:28:56.495] getModuleBaseAddress: 开始查找模块 [game.dll]
[07:28:56.495] getModuleBaseAddress: 通过GetModuleHandleA成功获取模块 [game.dll] 基地址: 0x6F000000
[07:28:56.495] 修改地址: 0x6F2FC981
[07:28:56.495] 调用地址: 0x6F2FB480
[07:28:56.495] 返回地址: 0x6F2FC986
[07:28:56.495] 找到钩子函数地址: 0x7AAC63EC
[07:28:56.495] 准备写入的字节码 (5 bytes): E9 66 9A 7C 0B 
[07:28:56.495] 保存的原始字节码 (5 bytes): E8 FA EA FF FF 
[07:28:56.495] 钩子安装成功！ 地址: 0x6F2FC981
[07:28:56.495] 修复相对偏移(5字节指令) 0: 0xFFFFEAFA -> 0x6C25B47B
[07:28:56.495] 跳板 [0] 地址: 0x030A0000
[07:28:56.495] 钩子安装成功！ 钩子函数: jumpWhenCallGameChatRecipientInGame_
[07:28:56.495] [game.dll] GameChatRecipientInGame_ 钩子安装成功。
[07:28:56.495]   - 修改地址: 0x6F2FC981
[07:28:56.495]   - 函数地址: 0x6F2FB480
[07:28:56.495]   - 返回地址: 0x6F2FC986
[07:28:56.495]   - 跳板地址: 0x030A0000
[07:28:56.495]   ├──  Logic: ChatRecipientInGame                    [OK ✅]
[07:28:56.495] 开始安装 game.dll GameNetEventChatFromHost Hook...
[07:28:56.495] 开始安装钩子！钩子函数: jumpWhenCallGameNetEventChatFromHost
[07:28:56.495] getModuleBaseAddress: 开始查找模块 [game.dll]
[07:28:56.495] getModuleBaseAddress: 通过GetModuleHandleA成功获取模块 [game.dll] 基地址: 0x6F000000
[07:28:56.495] 修改地址: 0x6F67B5E9
[07:28:56.495] 调用地址: 0x6F65AE80
[07:28:56.495] 返回地址: 0x6F67B5EE
[07:28:56.496] 找到钩子函数地址: 0x7AAC6896
[07:28:56.496] 准备写入的字节码 (5 bytes): E9 A8 B2 44 0B 
[07:28:56.496] 保存的原始字节码 (5 bytes): E8 92 F8 FD FF 
[07:28:56.496] 钩子安装成功！ 地址: 0x6F67B5E9
[07:28:56.496] 🚀 IPC 信号驱动线程已启动 (双通道监控模式)
[07:28:56.496] 修复相对偏移(5字节指令) 0: 0xFFFDF892 -> 0x6C5BAE6B
[07:28:56.496] 跳板 [0] 地址: 0x030A0010
[07:28:56.496] 钩子安装成功！ 钩子函数: jumpWhenCallGameNetEventChatFromHost
[07:28:56.496] [game.dll] GameNetEventChatFromHost 钩子安装成功。
[07:28:56.496]   - 修改地址: 0x6F67B5E9
[07:28:56.496]   - 函数地址: 0x6F65AE80
[07:28:56.496]   - 返回地址: 0x6F67B5EE
[07:28:56.496]   - 跳板地址: 0x030A0010
[07:28:56.496]   ├──  Logic: NetEventChatFromHost                   [OK ✅]
[07:28:56.496] 开始安装 game.dll GamePrimaryGameUIVtable_ Hook...
[07:28:56.496] 开始安装钩子！钩子函数: jumpWhenCallGamePrimaryGameUIVtable_
[07:28:56.496] getModuleBaseAddress: 开始查找模块 [game.dll]
[07:28:56.496] getModuleBaseAddress: 通过GetModuleHandleA成功获取模块 [game.dll] 基地址: 0x6F000000
[07:28:56.496] 修改地址: 0x6F2FEA4B
[07:28:56.496] 返回地址: 0x6F2FEA51
[07:28:56.496] 找到钩子函数地址: 0x7AAC6EB1
[07:28:56.496] 准备写入的字节码 (6 bytes): E9 61 84 7C 0B 90 
[07:28:56.496] 保存的原始字节码 (6 bytes): C7 06 1C 63 93 6F 
[07:28:56.496] 钩子安装成功！ 地址: 0x6F2FEA4B
[07:28:56.496] 跳板 [0] 地址: 0x030A0020
[07:28:56.496] 钩子安装成功！ 钩子函数: jumpWhenCallGamePrimaryGameUIVtable_
[07:28:56.496] [VersionCheck] 正在检测高版本: 1.26.0.6401 | 参数 includeV126: 0 | 识别方式: 常用版本字符串判断 | 结果: 属于低版本
[07:28:56.496] ✅ [版本适配] 检测到 War3 版本类型: 常规版本 (1.26-)
[07:28:56.496]    ├─ 虚表基址: 0x6F93631C (通过指令 C7 06 提取)
[07:28:56.496]    └─ 目标函数 (+0x0C): 0x6F3012E0
[07:28:56.496] [game.dll] GamePrimaryGameUIVtable_ 钩子安装成功。
[07:28:56.496]   - 修改地址: 0x6F2FEA4B
[07:28:56.496]   - 返回地址: 0x6F2FEA51
[07:28:56.496]   - 跳板地址: 0x030A0020
[07:28:56.496]   ├──  Logic: PrimaryGameUIVtable                    [OK ✅]
[07:28:56.496] ✨ 安装任务结束。状态: 全部成功
[07:28:58.486] ℹ️ [拦截] 钩子已经安装过，无需操作。
[07:29:00.114] 📥 [NetEventChatFromHost] 收到同步包
[07:29:00.115]    ├─ 原始 PID: 0x2 (提取后: 2)
[07:29:00.115]    ├─ 消息标志: 0x66637C10
[07:29:00.115]    ├─ 消息范围: 0x00000000
[07:29:00.115]    ├─ 总计长度: 41 字节
[07:29:00.115]    ├─ 原始字节 (41 bytes): 10 7C 63 66 66 66 66 30 30 30 30 47 61 6D 65 20 73 74 61 72 74 73 20 69 6E 20 35 20 73 65 63 6F 6E 64 73 2E 2E 2E 7C 72 00 
[07:29:00.115]    └─ 文本内容: fff0000Game starts in 5 seconds...|r
[07:29:00.115] 🔍 检测到机器人消息 (PID: 2)
[07:29:07.342] 🔄 [对象] GameUI 指针: 0x323D0088
[07:29:32.861] 💬 [聊天分发] 内容: 「你好」
[07:29:32.861]    ├─ 接收者: 所有人(All)
[07:29:32.861]    ├─ 场景状态: 联网模式(Network) [0x1]
[07:29:32.861]    └─ 停留时长: 10.0 秒
[07:29:32.861] ✅ [IPC FAST] 异步翻译请求(发送) 已入队 | Slot:0 | Pending:1 | Event:OK
[07:29:32.862] 📥 [IPC/Receive] 来源:SLOW | 大小:1040
[07:29:32.862] 🚀 [IPC/Out] 收到自发消息翻译回应 (准备注入发送流)
[07:29:32.862]    ├─ 方向: Outgoing (发)
[07:29:32.862]    ├─ 原文: 你好
[07:29:32.862]    └─ 译文: 你好
[07:29:32.862] ✅ [IPC SLOW] 翻译映射/发送完成 已入队 | Slot:0 | Pending:1 | Event:OK
[07:29:32.862] 📥 [IPC/Receive] 来源:SLOW | 大小:1040
[07:29:32.862] 🚀 [IPC/Out] 收到自发消息翻译回应 (准备注入发送流)
[07:29:32.862]    ├─ 方向: Outgoing (发)
[07:29:32.862]    ├─ 原文: 你好
[07:29:32.862]    └─ 译文: 你好
[07:29:32.862] ✅ [IPC SLOW] 翻译映射/发送完成 已入队 | Slot:1 | Pending:2 | Event:OK
[07:29:32.863] 📥 [IPC/Receive] 来源:SLOW | 大小:1040
[07:29:32.863] 🚀 [IPC/Out] 收到自发消息翻译回应 (准备注入发送流)
[07:29:32.863]    ├─ 方向: Outgoing (发)
[07:29:32.863]    ├─ 原文: 你好
[07:29:32.863]    └─ 译文: Hello
[07:29:32.863] ✅ [IPC SLOW] 翻译映射/发送完成 已入队 | Slot:2 | Pending:3 | Event:OK
[07:29:32.863] 📥 [IPC/Receive] 来源:SLOW | 大小:1040
[07:29:32.863] 🚀 [IPC/Out] 收到自发消息翻译回应 (准备注入发送流)
[07:29:32.863]    ├─ 方向: Outgoing (发)
[07:29:32.863]    ├─ 原文: 你好
[07:29:32.863]    └─ 译文: Привет
[07:29:32.863] ✅ [IPC SLOW] 翻译映射/发送完成 已入队 | Slot:3 | Pending:1 | Event:OK
[07:51:01.122] 准备初始化 War3Hook
[07:51:01.126] ✨ 共享内存首次创建: 双通道缓冲区索引已归零。
[07:51:01.126] 进程路径: X:\单机游戏\魔兽3-冰封王座\War3.exe
[07:51:01.126] getCurrentWar3Version 开始
[07:51:01.126] 进程名: War3.exe
[07:51:01.126] 进程名验证通过✅
[07:51:01.126] [VersionFlag] 检测到版本: 1.26.0.6401, 版本标志设为: 1
[07:51:01.126] getCurrentWar3Version 完成
[07:51:01.126] [VersionCheck] 正在检测高版本: 1.26.0.6401 | 参数 includeV126: 0 | 识别方式: 常用版本字符串判断 | 结果: 属于低版本
[07:51:01.126] [VersionCheck] 正在检测版本: 1.26.0.6401 | 识别方式: 常用版本字符串判断 | 结果: 高版本
[07:51:01.126] getModuleBaseAddress: 开始查找模块 [game.dll]
[07:51:01.126] getModuleBaseAddress: 通过GetModuleHandleA成功获取模块 [game.dll] 基地址: 0x6F000000
[07:51:01.126] 🔍 [FindOffset] 开始搜索偏移. 目标版本: 1.26.0.6401
[07:51:01.126]       - DLL基址: 0x6F000000
[07:51:01.126]       - DLL大小: 12275712 (0xBB5000)
[07:51:01.126]       - ✅ 精确匹配成功: 预设偏移 0x2FC981
[07:51:01.126] 🔍 [FindOffset] 开始搜索偏移. 目标版本: 1.26.0.6401
[07:51:01.126]       - DLL基址: 0x6F000000
[07:51:01.126]       - DLL大小: 12275712 (0xBB5000)
[07:51:01.126]       - ✅ 精确匹配成功: 预设偏移 0x2FB480
[07:51:01.126] 🔍 [FindOffset] 开始搜索偏移. 目标版本: 1.26.0.6401
[07:51:01.126]       - DLL基址: 0x6F000000
[07:51:01.126]       - DLL大小: 12275712 (0xBB5000)
[07:51:01.126]       - ✅ 精确匹配成功: 预设偏移 0x67B5E9
[07:51:01.126] 🔍 [FindOffset] 开始搜索偏移. 目标版本: 1.26.0.6401
[07:51:01.126]       - DLL基址: 0x6F000000
[07:51:01.126]       - DLL大小: 12275712 (0xBB5000)
[07:51:01.126]       - ✅ 精确匹配成功: 预设偏移 0x65AE80
[07:51:01.126] 🔍 [FindOffset] 开始搜索偏移. 目标版本: 1.26.0.6401
[07:51:01.126]       - DLL基址: 0x6F000000
[07:51:01.126]       - DLL大小: 12275712 (0xBB5000)
[07:51:01.126]       - ✅ 精确匹配成功: 预设偏移 0x2FEA4B
[07:51:01.126] 🔍 [FindOffset] 开始搜索偏移. 目标版本: 1.26.0.6401
[07:51:01.126]       - DLL基址: 0x6F000000
[07:51:01.126]       - DLL大小: 12275712 (0xBB5000)
[07:51:01.126]       - ✅ 精确匹配成功: 预设偏移 0x368058
[07:51:01.126] 🔍 [FindOffset] 开始搜索偏移. 目标版本: 1.26.0.6401
[07:51:01.126]       - DLL基址: 0x6F000000
[07:51:01.126]       - DLL大小: 12275712 (0xBB5000)
[07:51:01.126]       - ✅ 精确匹配成功: 预设偏移 0x336BF9
[07:51:01.126] 🔍 [FindOffset] 开始搜索偏移. 目标版本: 1.26.0.6401
[07:51:01.126]       - DLL基址: 0x6F000000
[07:51:01.126]       - DLL大小: 12275712 (0xBB5000)
[07:51:01.126]       - ✅ 精确匹配成功: 预设偏移 0x615440
[07:51:01.126] War3Hook 初始化完成
[07:51:01.126] ✅ 初始化成功！执行安装。
[07:51:01.126] 🚀 开始安装全系统钩子...
[07:51:01.126] 开始安装 game.dll GameChatRecipientInGame_ Hook...
[07:51:01.126] 开始安装钩子！钩子函数: jumpWhenCallGameChatRecipientInGame_
[07:51:01.126] getModuleBaseAddress: 开始查找模块 [game.dll]
[07:51:01.126] getModuleBaseAddress: 通过GetModuleHandleA成功获取模块 [game.dll] 基地址: 0x6F000000
[07:51:01.126] 修改地址: 0x6F2FC981
[07:51:01.126] 调用地址: 0x6F2FB480
[07:51:01.126] 返回地址: 0x6F2FC986
[07:51:01.126] 找到钩子函数地址: 0x7AB76C8D
[07:51:01.126] 准备写入的字节码 (5 bytes): E9 07 A3 87 0B 
[07:51:01.126] 🚀 IPC 信号驱动线程已启动 (双通道监控模式)
[07:51:01.126] 保存的原始字节码 (5 bytes): E8 FA EA FF FF 
[07:51:01.126] 钩子安装成功！ 地址: 0x6F2FC981
[07:51:01.127] 修复相对偏移(5字节指令) 0: 0xFFFFEAFA -> 0x6CDCB47B
[07:51:01.127] 跳板 [0] 地址: 0x02530000
[07:51:01.127] 钩子安装成功！ 钩子函数: jumpWhenCallGameChatRecipientInGame_
[07:51:01.127] [game.dll] GameChatRecipientInGame_ 钩子安装成功。
[07:51:01.127]   - 修改地址: 0x6F2FC981
[07:51:01.127]   - 函数地址: 0x6F2FB480
[07:51:01.127]   - 返回地址: 0x6F2FC986
[07:51:01.127]   - 跳板地址: 0x02530000
[07:51:01.127]   ├──  Logic: ChatRecipientInGame                    [OK ✅]
[07:51:01.127] 开始安装 game.dll GameNetEventChatFromHost Hook...
[07:51:01.127] 开始安装钩子！钩子函数: jumpWhenCallGameNetEventChatFromHost
[07:51:01.127] getModuleBaseAddress: 开始查找模块 [game.dll]
[07:51:01.127] getModuleBaseAddress: 通过GetModuleHandleA成功获取模块 [game.dll] 基地址: 0x6F000000
[07:51:01.127] 修改地址: 0x6F67B5E9
[07:51:01.127] 调用地址: 0x6F65AE80
[07:51:01.127] 返回地址: 0x6F67B5EE
[07:51:01.127] 找到钩子函数地址: 0x7AB77139
[07:51:01.127] 准备写入的字节码 (5 bytes): E9 4B BB 4F 0B 
[07:51:01.127] 保存的原始字节码 (5 bytes): E8 92 F8 FD FF 
[07:51:01.127] 钩子安装成功！ 地址: 0x6F67B5E9
[07:51:01.127] 修复相对偏移(5字节指令) 0: 0xFFFDF892 -> 0x6D12AE6B
[07:51:01.127] 跳板 [0] 地址: 0x02530010
[07:51:01.127] 钩子安装成功！ 钩子函数: jumpWhenCallGameNetEventChatFromHost
[07:51:01.127] [game.dll] GameNetEventChatFromHost 钩子安装成功。
[07:51:01.127]   - 修改地址: 0x6F67B5E9
[07:51:01.127]   - 函数地址: 0x6F65AE80
[07:51:01.127]   - 返回地址: 0x6F67B5EE
[07:51:01.127]   - 跳板地址: 0x02530010
[07:51:01.127]   ├──  Logic: NetEventChatFromHost                   [OK ✅]
[07:51:01.127] 开始安装 game.dll GamePrimaryGameUIVtable_ Hook...
[07:51:01.127] 开始安装钩子！钩子函数: jumpWhenCallGamePrimaryGameUIVtable_
[07:51:01.127] getModuleBaseAddress: 开始查找模块 [game.dll]
[07:51:01.127] getModuleBaseAddress: 通过GetModuleHandleA成功获取模块 [game.dll] 基地址: 0x6F000000
[07:51:01.127] 修改地址: 0x6F2FEA4B
[07:51:01.127] 返回地址: 0x6F2FEA51
[07:51:01.127] 找到钩子函数地址: 0x7AB77754
[07:51:01.127] 准备写入的字节码 (6 bytes): E9 04 8D 87 0B 90 
[07:51:01.127] 保存的原始字节码 (6 bytes): C7 06 1C 63 93 6F 
[07:51:01.127] 钩子安装成功！ 地址: 0x6F2FEA4B
[07:51:01.127] 跳板 [0] 地址: 0x02530020
[07:51:01.127] 钩子安装成功！ 钩子函数: jumpWhenCallGamePrimaryGameUIVtable_
[07:51:01.127] [VersionCheck] 正在检测高版本: 1.26.0.6401 | 参数 includeV126: 0 | 识别方式: 常用版本字符串判断 | 结果: 属于低版本
[07:51:01.127] ✅ [版本适配] 检测到 War3 版本类型: 常规版本 (1.26-)
[07:51:01.127]    ├─ 虚表基址: 0x6F93631C (通过指令 C7 06 提取)
[07:51:01.127]    └─ 目标函数 (+0x0C): 0x6F3012E0
[07:51:01.127] [game.dll] GamePrimaryGameUIVtable_ 钩子安装成功。
[07:51:01.127]   - 修改地址: 0x6F2FEA4B
[07:51:01.127]   - 返回地址: 0x6F2FEA51
[07:51:01.127]   - 跳板地址: 0x02530020
[07:51:01.127]   ├──  Logic: PrimaryGameUIVtable                    [OK ✅]
[07:51:01.127] 开始安装 game.dll GameChatEditBarUIVtable1 Hook...
[07:51:01.127] 开始安装钩子！钩子函数: jumpWhenCallGameChatEditBarUIVtable1
[07:51:01.127] getModuleBaseAddress: 开始查找模块 [game.dll]
[07:51:01.127] getModuleBaseAddress: 通过GetModuleHandleA成功获取模块 [game.dll] 基地址: 0x6F000000
[07:51:01.127] 修改地址: 0x6F368058
[07:51:01.127] 返回地址: 0x6F36805E
[07:51:01.127] 找到钩子函数地址: 0x7AB779EC
[07:51:01.127] 准备写入的字节码 (6 bytes): E9 8F F9 80 0B 90 
[07:51:01.127] 保存的原始字节码 (6 bytes): C7 06 C4 EA 93 6F 
[07:51:01.127] 钩子安装成功！ 地址: 0x6F368058
[07:51:01.127] 跳板 [0] 地址: 0x02530030
[07:51:01.127] 钩子安装成功！ 钩子函数: jumpWhenCallGameChatEditBarUIVtable1
[07:51:01.127] [game.dll] GameChatEditBarUIVtable1 钩子安装成功。
[07:51:01.127]   - 修改地址: 0x6F368058
[07:51:01.127]   - 返回地址: 0x6F36805E
[07:51:01.127]   - 跳板地址: 0x02530030
[07:51:01.127]   ├──  Logic: ChatEditBarUIVtable1                   [OK ✅]
[07:51:01.127] 开始安装 game.dll GameChatEditBarUIVtable2 Hook...
[07:51:01.127] 🎯 成功提取 UI 事件结构体地址: 0x6FA9ACB0
[07:51:01.127] 开始安装钩子！钩子函数: jumpWhenCallGameChatEditBarUIVtable2
[07:51:01.127] getModuleBaseAddress: 开始查找模块 [game.dll]
[07:51:01.127] getModuleBaseAddress: 通过GetModuleHandleA成功获取模块 [game.dll] 基地址: 0x6F000000
[07:51:01.127] 修改地址: 0x6F336BF9
[07:51:01.127] 返回地址: 0x6F336BFF
[07:51:01.127] 找到钩子函数地址: 0x7AB77D27
[07:51:01.127] 准备写入的字节码 (6 bytes): E9 29 11 84 0B 90 
[07:51:01.127] 保存的原始字节码 (6 bytes): C7 06 A4 A7 93 6F 
[07:51:01.127] 钩子安装成功！ 地址: 0x6F336BF9
[07:51:01.127] 跳板 [0] 地址: 0x02530040
[07:51:01.127] 钩子安装成功！ 钩子函数: jumpWhenCallGameChatEditBarUIVtable2
[07:51:01.127] [game.dll] GameChatEditBarUIVtable2 钩子安装成功。
[07:51:01.127]   - 修改地址: 0x6F336BF9
[07:51:01.127]   - 返回地址: 0x6F336BFF
[07:51:01.127]   - 跳板地址: 0x02530040
[07:51:01.127]   - 结构体地址: 0x6FA9ACB0
[07:51:01.127]   ├──  Logic: ChatEditBarUIVtable2                   [OK ✅]
[07:51:01.127] ✨ 安装任务结束。状态: 全部成功
[07:51:03.085] ℹ️ [拦截] 钩子已经安装过，无需操作。
[07:51:44.699] 准备初始化 War3Hook
[07:51:44.700] 🔗 共享内存已由其他进程初始化，当前进程已附加映射。
[07:51:44.700] 进程路径: X:\单机游戏\魔兽3-冰封王座\War3.exe
[07:51:44.700] getCurrentWar3Version 开始
[07:51:44.700] 进程名: War3.exe
[07:51:44.700] 进程名验证通过✅
[07:51:44.700] 🚀 IPC 信号驱动线程已启动 (双通道监控模式)
[07:51:44.700] [VersionFlag] 检测到版本: 1.26.0.6401, 版本标志设为: 1
[07:51:44.700] getCurrentWar3Version 完成
[07:51:44.700] [VersionCheck] 正在检测高版本: 1.26.0.6401 | 参数 includeV126: 0 | 识别方式: 常用版本字符串判断 | 结果: 属于低版本
[07:51:44.700] [VersionCheck] 正在检测版本: 1.26.0.6401 | 识别方式: 常用版本字符串判断 | 结果: 高版本
[07:51:44.700] getModuleBaseAddress: 开始查找模块 [game.dll]
[07:51:44.700] getModuleBaseAddress: 通过GetModuleHandleA成功获取模块 [game.dll] 基地址: 0x6F000000
[07:51:44.700] 🔍 [FindOffset] 开始搜索偏移. 目标版本: 1.26.0.6401
[07:51:44.700]       - DLL基址: 0x6F000000
[07:51:44.700]       - DLL大小: 12275712 (0xBB5000)
[07:51:44.700]       - ✅ 精确匹配成功: 预设偏移 0x2FC981
[07:51:44.700] 🔍 [FindOffset] 开始搜索偏移. 目标版本: 1.26.0.6401
[07:51:44.700]       - DLL基址: 0x6F000000
[07:51:44.700]       - DLL大小: 12275712 (0xBB5000)
[07:51:44.700]       - ✅ 精确匹配成功: 预设偏移 0x2FB480
[07:51:44.700] 🔍 [FindOffset] 开始搜索偏移. 目标版本: 1.26.0.6401
[07:51:44.700]       - DLL基址: 0x6F000000
[07:51:44.700]       - DLL大小: 12275712 (0xBB5000)
[07:51:44.700]       - ✅ 精确匹配成功: 预设偏移 0x67B5E9
[07:51:44.700] 🔍 [FindOffset] 开始搜索偏移. 目标版本: 1.26.0.6401
[07:51:44.700]       - DLL基址: 0x6F000000
[07:51:44.700]       - DLL大小: 12275712 (0xBB5000)
[07:51:44.700]       - ✅ 精确匹配成功: 预设偏移 0x65AE80
[07:51:44.700] 🔍 [FindOffset] 开始搜索偏移. 目标版本: 1.26.0.6401
[07:51:44.700]       - DLL基址: 0x6F000000
[07:51:44.700]       - DLL大小: 12275712 (0xBB5000)
[07:51:44.700]       - ✅ 精确匹配成功: 预设偏移 0x2FEA4B
[07:51:44.700] 🔍 [FindOffset] 开始搜索偏移. 目标版本: 1.26.0.6401
[07:51:44.700]       - DLL基址: 0x6F000000
[07:51:44.700]       - DLL大小: 12275712 (0xBB5000)
[07:51:44.700]       - ✅ 精确匹配成功: 预设偏移 0x368058
[07:51:44.700] 🔍 [FindOffset] 开始搜索偏移. 目标版本: 1.26.0.6401
[07:51:44.700]       - DLL基址: 0x6F000000
[07:51:44.700]       - DLL大小: 12275712 (0xBB5000)
[07:51:44.700]       - ✅ 精确匹配成功: 预设偏移 0x336BF9
[07:51:44.700] 🔍 [FindOffset] 开始搜索偏移. 目标版本: 1.26.0.6401
[07:51:44.700]       - DLL基址: 0x6F000000
[07:51:44.700]       - DLL大小: 12275712 (0xBB5000)
[07:51:44.700]       - ✅ 精确匹配成功: 预设偏移 0x615440
[07:51:44.700] War3Hook 初始化完成
[07:51:44.700] ✅ 初始化成功！执行安装。
[07:51:44.700] 🚀 开始安装全系统钩子...
[07:51:44.700] 开始安装 game.dll GameChatRecipientInGame_ Hook...
[07:51:44.700] 开始安装钩子！钩子函数: jumpWhenCallGameChatRecipientInGame_
[07:51:44.700] getModuleBaseAddress: 开始查找模块 [game.dll]
[07:51:44.700] getModuleBaseAddress: 通过GetModuleHandleA成功获取模块 [game.dll] 基地址: 0x6F000000
[07:51:44.700] 修改地址: 0x6F2FC981
[07:51:44.700] 调用地址: 0x6F2FB480
[07:51:44.700] 返回地址: 0x6F2FC986
[07:51:44.700] 找到钩子函数地址: 0x7AB76C8D
[07:51:44.700] 准备写入的字节码 (5 bytes): E9 07 A3 87 0B 
[07:51:44.700] 保存的原始字节码 (5 bytes): E8 FA EA FF FF 
[07:51:44.700] 钩子安装成功！ 地址: 0x6F2FC981
[07:51:44.700] 修复相对偏移(5字节指令) 0: 0xFFFFEAFA -> 0x6C35B47B
[07:51:44.700] 跳板 [0] 地址: 0x02FA0000
[07:51:44.700] 钩子安装成功！ 钩子函数: jumpWhenCallGameChatRecipientInGame_
[07:51:44.700] [game.dll] GameChatRecipientInGame_ 钩子安装成功。
[07:51:44.700]   - 修改地址: 0x6F2FC981
[07:51:44.700]   - 函数地址: 0x6F2FB480
[07:51:44.700]   - 返回地址: 0x6F2FC986
[07:51:44.700]   - 跳板地址: 0x02FA0000
[07:51:44.700]   ├──  Logic: ChatRecipientInGame                    [OK ✅]
[07:51:44.700] 开始安装 game.dll GameNetEventChatFromHost Hook...
[07:51:44.700] 开始安装钩子！钩子函数: jumpWhenCallGameNetEventChatFromHost
[07:51:44.700] getModuleBaseAddress: 开始查找模块 [game.dll]
[07:51:44.700] getModuleBaseAddress: 通过GetModuleHandleA成功获取模块 [game.dll] 基地址: 0x6F000000
[07:51:44.700] 修改地址: 0x6F67B5E9
[07:51:44.700] 调用地址: 0x6F65AE80
[07:51:44.700] 返回地址: 0x6F67B5EE
[07:51:44.700] 找到钩子函数地址: 0x7AB77139
[07:51:44.700] 准备写入的字节码 (5 bytes): E9 4B BB 4F 0B 
[07:51:44.700] 保存的原始字节码 (5 bytes): E8 92 F8 FD FF 
[07:51:44.700] 钩子安装成功！ 地址: 0x6F67B5E9
[07:51:44.700] 修复相对偏移(5字节指令) 0: 0xFFFDF892 -> 0x6C6BAE6B
[07:51:44.700] 跳板 [0] 地址: 0x02FA0010
[07:51:44.700] 钩子安装成功！ 钩子函数: jumpWhenCallGameNetEventChatFromHost
[07:51:44.700] [game.dll] GameNetEventChatFromHost 钩子安装成功。
[07:51:44.700]   - 修改地址: 0x6F67B5E9
[07:51:44.700]   - 函数地址: 0x6F65AE80
[07:51:44.700]   - 返回地址: 0x6F67B5EE
[07:51:44.700]   - 跳板地址: 0x02FA0010
[07:51:44.700]   ├──  Logic: NetEventChatFromHost                   [OK ✅]
[07:51:44.700] 开始安装 game.dll GamePrimaryGameUIVtable_ Hook...
[07:51:44.700] 开始安装钩子！钩子函数: jumpWhenCallGamePrimaryGameUIVtable_
[07:51:44.700] getModuleBaseAddress: 开始查找模块 [game.dll]
[07:51:44.700] getModuleBaseAddress: 通过GetModuleHandleA成功获取模块 [game.dll] 基地址: 0x6F000000
[07:51:44.700] 修改地址: 0x6F2FEA4B
[07:51:44.700] 返回地址: 0x6F2FEA51
[07:51:44.700] 找到钩子函数地址: 0x7AB77754
[07:51:44.700] 准备写入的字节码 (6 bytes): E9 04 8D 87 0B 90 
[07:51:44.700] 保存的原始字节码 (6 bytes): C7 06 1C 63 93 6F 
[07:51:44.700] 钩子安装成功！ 地址: 0x6F2FEA4B
[07:51:44.700] 跳板 [0] 地址: 0x02FA0020
[07:51:44.700] 钩子安装成功！ 钩子函数: jumpWhenCallGamePrimaryGameUIVtable_
[07:51:44.700] [VersionCheck] 正在检测高版本: 1.26.0.6401 | 参数 includeV126: 0 | 识别方式: 常用版本字符串判断 | 结果: 属于低版本
[07:51:44.700] ✅ [版本适配] 检测到 War3 版本类型: 常规版本 (1.26-)
[07:51:44.700]    ├─ 虚表基址: 0x6F93631C (通过指令 C7 06 提取)
[07:51:44.700]    └─ 目标函数 (+0x0C): 0x6F3012E0
[07:51:44.700] [game.dll] GamePrimaryGameUIVtable_ 钩子安装成功。
[07:51:44.700]   - 修改地址: 0x6F2FEA4B
[07:51:44.700]   - 返回地址: 0x6F2FEA51
[07:51:44.700]   - 跳板地址: 0x02FA0020
[07:51:44.700]   ├──  Logic: PrimaryGameUIVtable                    [OK ✅]
[07:51:44.700] 开始安装 game.dll GameChatEditBarUIVtable1 Hook...
[07:51:44.700] 开始安装钩子！钩子函数: jumpWhenCallGameChatEditBarUIVtable1
[07:51:44.700] getModuleBaseAddress: 开始查找模块 [game.dll]
[07:51:44.700] getModuleBaseAddress: 通过GetModuleHandleA成功获取模块 [game.dll] 基地址: 0x6F000000
[07:51:44.700] 修改地址: 0x6F368058
[07:51:44.700] 返回地址: 0x6F36805E
[07:51:44.700] 找到钩子函数地址: 0x7AB779EC
[07:51:44.700] 准备写入的字节码 (6 bytes): E9 8F F9 80 0B 90 
[07:51:44.700] 保存的原始字节码 (6 bytes): C7 06 C4 EA 93 6F 
[07:51:44.700] 钩子安装成功！ 地址: 0x6F368058
[07:51:44.700] 跳板 [0] 地址: 0x02FA0030
[07:51:44.700] 钩子安装成功！ 钩子函数: jumpWhenCallGameChatEditBarUIVtable1
[07:51:44.700] [game.dll] GameChatEditBarUIVtable1 钩子安装成功。
[07:51:44.700]   - 修改地址: 0x6F368058
[07:51:44.700]   - 返回地址: 0x6F36805E
[07:51:44.700]   - 跳板地址: 0x02FA0030
[07:51:44.700]   ├──  Logic: ChatEditBarUIVtable1                   [OK ✅]
[07:51:44.700] 开始安装 game.dll GameChatEditBarUIVtable2 Hook...
[07:51:44.700] 🎯 成功提取 UI 事件结构体地址: 0x6FA9ACB0
[07:51:44.700] 开始安装钩子！钩子函数: jumpWhenCallGameChatEditBarUIVtable2
[07:51:44.700] getModuleBaseAddress: 开始查找模块 [game.dll]
[07:51:44.700] getModuleBaseAddress: 通过GetModuleHandleA成功获取模块 [game.dll] 基地址: 0x6F000000
[07:51:44.700] 修改地址: 0x6F336BF9
[07:51:44.700] 返回地址: 0x6F336BFF
[07:51:44.700] 找到钩子函数地址: 0x7AB77D27
[07:51:44.700] 准备写入的字节码 (6 bytes): E9 29 11 84 0B 90 
[07:51:44.700] 保存的原始字节码 (6 bytes): C7 06 A4 A7 93 6F 
[07:51:44.700] 钩子安装成功！ 地址: 0x6F336BF9
[07:51:44.700] 跳板 [0] 地址: 0x02FA0040
[07:51:44.700] 钩子安装成功！ 钩子函数: jumpWhenCallGameChatEditBarUIVtable2
[07:51:44.700] [game.dll] GameChatEditBarUIVtable2 钩子安装成功。
[07:51:44.700]   - 修改地址: 0x6F336BF9
[07:51:44.700]   - 返回地址: 0x6F336BFF
[07:51:44.700]   - 跳板地址: 0x02FA0040
[07:51:44.700]   - 结构体地址: 0x6FA9ACB0
[07:51:44.700]   ├──  Logic: ChatEditBarUIVtable2                   [OK ✅]
[07:51:44.700] ✨ 安装任务结束。状态: 全部成功
[07:51:46.572] ℹ️ [拦截] 钩子已经安装过，无需操作。
[07:51:47.924] 📥 [NetEventChatFromHost] 收到同步包
[07:51:47.924]    ├─ 原始 PID: 0x2 (提取后: 2)
[07:51:47.924]    ├─ 消息标志: 0x66637C10
[07:51:47.924]    ├─ 消息范围: 0x00000000
[07:51:47.924]    ├─ 总计长度: 41 字节
[07:51:47.924]    ├─ 原始字节 (41 bytes): 10 7C 63 66 66 66 66 30 30 30 30 47 61 6D 65 20 73 74 61 72 74 73 20 69 6E 20 35 20 73 65 63 6F 6E 64 73 2E 2E 2E 7C 72 00 
[07:51:47.924]    └─ 文本内容: fff0000Game starts in 5 seconds...|r
[07:51:47.924] 🔍 检测到机器人消息 (PID: 2)
[07:51:54.534] 🔄 [对象] GameUI 指针: 0x343E0088
[07:51:54.578] 🔄 [对象] CharManager 指针: 0x36B500B0
[07:51:54.578] 🔄 [对象] CharEditBar 指针: 0x36B600B0
[07:52:16.370] 💬 [聊天分发] 内容: 「你好」
[07:52:16.370]    ├─ 接收者: 所有人(All)
[07:52:16.370]    ├─ 场景状态: 联网模式(Network) [0x1]
[07:52:16.370]    └─ 停留时长: 10.0 秒
[07:52:16.370] ✅ [IPC FAST] 异步翻译请求(发送) 已入队 | Slot:0 | Pending:1 | Event:OK
[07:52:16.371] 📥 [IPC/Receive] 来源:SLOW | 大小:1040
[07:52:16.371] 🚀 [IPC/Out] 收到自发消息翻译回应 (准备注入发送流)
[07:59:33.771] 准备初始化 War3Hook
[07:59:33.774] ✨ 共享内存首次创建: 双通道缓冲区索引已归零。
[07:59:33.774] 进程路径: X:\单机游戏\魔兽3-冰封王座\War3.exe
[07:59:33.774] getCurrentWar3Version 开始
[07:59:33.774] 进程名: War3.exe
[07:59:33.774] 进程名验证通过✅
[07:59:33.774] [VersionFlag] 检测到版本: 1.26.0.6401, 版本标志设为: 1
[07:59:33.774] getCurrentWar3Version 完成
[07:59:33.774] [VersionCheck] 正在检测高版本: 1.26.0.6401 | 参数 includeV126: 0 | 识别方式: 常用版本字符串判断 | 结果: 属于低版本
[07:59:33.774] [VersionCheck] 正在检测版本: 1.26.0.6401 | 识别方式: 常用版本字符串判断 | 结果: 高版本
[07:59:33.774] getModuleBaseAddress: 开始查找模块 [game.dll]
[07:59:33.774] getModuleBaseAddress: 通过GetModuleHandleA成功获取模块 [game.dll] 基地址: 0x6F000000
[07:59:33.774] 🔍 [FindOffset] 开始搜索偏移. 目标版本: 1.26.0.6401
[07:59:33.774]       - DLL基址: 0x6F000000
[07:59:33.774]       - DLL大小: 12275712 (0xBB5000)
[07:59:33.774]       - ✅ 精确匹配成功: 预设偏移 0x2FC981
[07:59:33.774] 🔍 [FindOffset] 开始搜索偏移. 目标版本: 1.26.0.6401
[07:59:33.774]       - DLL基址: 0x6F000000
[07:59:33.774]       - DLL大小: 12275712 (0xBB5000)
[07:59:33.774]       - ✅ 精确匹配成功: 预设偏移 0x2FB480
[07:59:33.774] 🔍 [FindOffset] 开始搜索偏移. 目标版本: 1.26.0.6401
[07:59:33.774]       - DLL基址: 0x6F000000
[07:59:33.774]       - DLL大小: 12275712 (0xBB5000)
[07:59:33.774]       - ✅ 精确匹配成功: 预设偏移 0x67B5E9
[07:59:33.774] 🔍 [FindOffset] 开始搜索偏移. 目标版本: 1.26.0.6401
[07:59:33.774]       - DLL基址: 0x6F000000
[07:59:33.774]       - DLL大小: 12275712 (0xBB5000)
[07:59:33.774]       - ✅ 精确匹配成功: 预设偏移 0x65AE80
[07:59:33.774] 🚀 IPC 信号驱动线程已启动 (双通道监控模式)
[07:59:33.774] 🔍 [FindOffset] 开始搜索偏移. 目标版本: 1.26.0.6401
[07:59:33.774]       - DLL基址: 0x6F000000
[07:59:33.774]       - DLL大小: 12275712 (0xBB5000)
[07:59:33.775]       - ✅ 精确匹配成功: 预设偏移 0x2FEA4B
[07:59:33.775] 🔍 [FindOffset] 开始搜索偏移. 目标版本: 1.26.0.6401
[07:59:33.775]       - DLL基址: 0x6F000000
[07:59:33.775]       - DLL大小: 12275712 (0xBB5000)
[07:59:33.775]       - ✅ 精确匹配成功: 预设偏移 0x368058
[07:59:33.775] 🔍 [FindOffset] 开始搜索偏移. 目标版本: 1.26.0.6401
[07:59:33.775]       - DLL基址: 0x6F000000
[07:59:33.775]       - DLL大小: 12275712 (0xBB5000)
[07:59:33.775]       - ✅ 精确匹配成功: 预设偏移 0x336BF9
[07:59:33.775] 🔍 [FindOffset] 开始搜索偏移. 目标版本: 1.26.0.6401
[07:59:33.775]       - DLL基址: 0x6F000000
[07:59:33.775]       - DLL大小: 12275712 (0xBB5000)
[07:59:33.775]       - ✅ 精确匹配成功: 预设偏移 0x615440
[07:59:33.775] War3Hook 初始化完成
[07:59:33.775] ✅ 初始化成功！执行安装。
[07:59:33.775] 🚀 开始安装全系统钩子...
[07:59:33.775] 开始安装 game.dll GameChatRecipientInGame_ Hook...
[07:59:33.775] 开始安装钩子！钩子函数: jumpWhenCallGameChatRecipientInGame_
[07:59:33.775] getModuleBaseAddress: 开始查找模块 [game.dll]
[07:59:33.775] getModuleBaseAddress: 通过GetModuleHandleA成功获取模块 [game.dll] 基地址: 0x6F000000
[07:59:33.775] 修改地址: 0x6F2FC981
[07:59:33.775] 调用地址: 0x6F2FB480
[07:59:33.775] 返回地址: 0x6F2FC986
[07:59:33.775] 找到钩子函数地址: 0x7AD56C8D
[07:59:33.775] 准备写入的字节码 (5 bytes): E9 07 A3 A5 0B 
[07:59:33.775] 保存的原始字节码 (5 bytes): E8 FA EA FF FF 
[07:59:33.775] 钩子安装成功！ 地址: 0x6F2FC981
[07:59:33.775] 修复相对偏移(5字节指令) 0: 0xFFFFEAFA -> 0x6C25B47B
[07:59:33.775] 跳板 [0] 地址: 0x030A0000
[07:59:33.775] 钩子安装成功！ 钩子函数: jumpWhenCallGameChatRecipientInGame_
[07:59:33.775] [game.dll] GameChatRecipientInGame_ 钩子安装成功。
[07:59:33.775]   - 修改地址: 0x6F2FC981
[07:59:33.775]   - 函数地址: 0x6F2FB480
[07:59:33.775]   - 返回地址: 0x6F2FC986
[07:59:33.775]   - 跳板地址: 0x030A0000
[07:59:33.775]   ├──  Logic: ChatRecipientInGame                    [OK ✅]
[07:59:33.775] 开始安装 game.dll GameNetEventChatFromHost Hook...
[07:59:33.775] 开始安装钩子！钩子函数: jumpWhenCallGameNetEventChatFromHost
[07:59:33.775] getModuleBaseAddress: 开始查找模块 [game.dll]
[07:59:33.775] getModuleBaseAddress: 通过GetModuleHandleA成功获取模块 [game.dll] 基地址: 0x6F000000
[07:59:33.775] 修改地址: 0x6F67B5E9
[07:59:33.775] 调用地址: 0x6F65AE80
[07:59:33.775] 返回地址: 0x6F67B5EE
[07:59:33.775] 找到钩子函数地址: 0x7AD57139
[07:59:33.775] 准备写入的字节码 (5 bytes): E9 4B BB 6D 0B 
[07:59:33.775] 保存的原始字节码 (5 bytes): E8 92 F8 FD FF 
[07:59:33.775] 钩子安装成功！ 地址: 0x6F67B5E9
[07:59:33.775] 修复相对偏移(5字节指令) 0: 0xFFFDF892 -> 0x6C5BAE6B
[07:59:33.775] 跳板 [0] 地址: 0x030A0010
[07:59:33.775] 钩子安装成功！ 钩子函数: jumpWhenCallGameNetEventChatFromHost
[07:59:33.775] [game.dll] GameNetEventChatFromHost 钩子安装成功。
[07:59:33.775]   - 修改地址: 0x6F67B5E9
[07:59:33.775]   - 函数地址: 0x6F65AE80
[07:59:33.775]   - 返回地址: 0x6F67B5EE
[07:59:33.775]   - 跳板地址: 0x030A0010
[07:59:33.775]   ├──  Logic: NetEventChatFromHost                   [OK ✅]
[07:59:33.775] 开始安装 game.dll GamePrimaryGameUIVtable_ Hook...
[07:59:33.775] 开始安装钩子！钩子函数: jumpWhenCallGamePrimaryGameUIVtable_
[07:59:33.775] getModuleBaseAddress: 开始查找模块 [game.dll]
[07:59:33.775] getModuleBaseAddress: 通过GetModuleHandleA成功获取模块 [game.dll] 基地址: 0x6F000000
[07:59:33.775] 修改地址: 0x6F2FEA4B
[07:59:33.775] 返回地址: 0x6F2FEA51
[07:59:33.775] 找到钩子函数地址: 0x7AD57754
[07:59:33.775] 准备写入的字节码 (6 bytes): E9 04 8D A5 0B 90 
[07:59:33.775] 保存的原始字节码 (6 bytes): C7 06 1C 63 93 6F 
[07:59:33.775] 钩子安装成功！ 地址: 0x6F2FEA4B
[07:59:33.775] 跳板 [0] 地址: 0x030A0020
[07:59:33.775] 钩子安装成功！ 钩子函数: jumpWhenCallGamePrimaryGameUIVtable_
[07:59:33.775] [VersionCheck] 正在检测高版本: 1.26.0.6401 | 参数 includeV126: 0 | 识别方式: 常用版本字符串判断 | 结果: 属于低版本
[07:59:33.775] ✅ [版本适配] 检测到 War3 版本类型: 常规版本 (1.26-)
[07:59:33.775]    ├─ 虚表基址: 0x6F93631C (通过指令 C7 06 提取)
[07:59:33.775]    └─ 目标函数 (+0x0C): 0x6F3012E0
[07:59:33.775] [game.dll] GamePrimaryGameUIVtable_ 钩子安装成功。
[07:59:33.775]   - 修改地址: 0x6F2FEA4B
[07:59:33.775]   - 返回地址: 0x6F2FEA51
[07:59:33.775]   - 跳板地址: 0x030A0020
[07:59:33.775]   ├──  Logic: PrimaryGameUIVtable                    [OK ✅]
[07:59:33.775] 开始安装 game.dll GameChatEditBarUIVtable1 Hook...
[07:59:33.775] 开始安装钩子！钩子函数: jumpWhenCallGameChatEditBarUIVtable1
[07:59:33.775] getModuleBaseAddress: 开始查找模块 [game.dll]
[07:59:33.775] getModuleBaseAddress: 通过GetModuleHandleA成功获取模块 [game.dll] 基地址: 0x6F000000
[07:59:33.775] 修改地址: 0x6F368058
[07:59:33.775] 返回地址: 0x6F36805E
[07:59:33.775] 找到钩子函数地址: 0x7AD579EC
[07:59:33.775] 准备写入的字节码 (6 bytes): E9 8F F9 9E 0B 90 
[07:59:33.775] 保存的原始字节码 (6 bytes): C7 06 C4 EA 93 6F 
[07:59:33.775] 钩子安装成功！ 地址: 0x6F368058
[07:59:33.775] 跳板 [0] 地址: 0x030A0030
[07:59:33.775] 钩子安装成功！ 钩子函数: jumpWhenCallGameChatEditBarUIVtable1
[07:59:33.775] [game.dll] GameChatEditBarUIVtable1 钩子安装成功。
[07:59:33.775]   - 修改地址: 0x6F368058
[07:59:33.775]   - 返回地址: 0x6F36805E
[07:59:33.775]   - 跳板地址: 0x030A0030
[07:59:33.775]   ├──  Logic: ChatEditBarUIVtable1                   [OK ✅]
[07:59:33.775] 开始安装 game.dll GameChatEditBarUIVtable2 Hook...
[07:59:33.775] 🎯 成功提取 UI 事件结构体地址: 0x6FA9ACB0
[07:59:33.775] 开始安装钩子！钩子函数: jumpWhenCallGameChatEditBarUIVtable2
[07:59:33.775] getModuleBaseAddress: 开始查找模块 [game.dll]
[07:59:33.775] getModuleBaseAddress: 通过GetModuleHandleA成功获取模块 [game.dll] 基地址: 0x6F000000
[07:59:33.775] 修改地址: 0x6F336BF9
[07:59:33.775] 返回地址: 0x6F336BFF
[07:59:33.775] 找到钩子函数地址: 0x7AD57D27
[07:59:33.775] 准备写入的字节码 (6 bytes): E9 29 11 A2 0B 90 
[07:59:33.775] 保存的原始字节码 (6 bytes): C7 06 A4 A7 93 6F 
[07:59:33.775] 钩子安装成功！ 地址: 0x6F336BF9
[07:59:33.775] 跳板 [0] 地址: 0x030A0040
[07:59:33.775] 钩子安装成功！ 钩子函数: jumpWhenCallGameChatEditBarUIVtable2
[07:59:33.775] [game.dll] GameChatEditBarUIVtable2 钩子安装成功。
[07:59:33.775]   - 修改地址: 0x6F336BF9
[07:59:33.775]   - 返回地址: 0x6F336BFF
[07:59:33.775]   - 跳板地址: 0x030A0040
[07:59:33.775]   - 结构体地址: 0x6FA9ACB0
[07:59:33.775]   ├──  Logic: ChatEditBarUIVtable2                   [OK ✅]
[07:59:33.775] ✨ 安装任务结束。状态: 全部成功
[07:59:35.774] ℹ️ [拦截] 钩子已经安装过，无需操作。
[07:59:37.518] 📥 [NetEventChatFromHost] 收到同步包
[07:59:37.518]    ├─ 原始 PID: 0x2 (提取后: 2)
[07:59:37.518]    ├─ 消息标志: 0x66637C10
[07:59:37.518]    ├─ 消息范围: 0x00000000
[07:59:37.518]    ├─ 总计长度: 41 字节
[07:59:37.518]    ├─ 原始字节 (41 bytes): 10 7C 63 66 66 66 66 30 30 30 30 47 61 6D 65 20 73 74 61 72 74 73 20 69 6E 20 35 20 73 65 63 6F 6E 64 73 2E 2E 2E 7C 72 00 
[07:59:37.518]    └─ 文本内容: fff0000Game starts in 5 seconds...|r
[07:59:37.518] 🔍 检测到机器人消息 (PID: 2)
[07:59:44.587] 🔄 [对象] GameUI 指针: 0x34080088
[07:59:44.626] 🔄 [对象] CharManager 指针: 0x368000B0
[07:59:44.626] 🔄 [对象] CharEditBar 指针: 0x368100B0
[08:00:03.816] 💬 [聊天分发] 内容: 「你好」
[08:00:03.816]    ├─ 接收者: 所有人(All)
[08:00:03.816]    ├─ 场景状态: 联网模式(Network) [0x1]
[08:00:03.816]    └─ 停留时长: 10.0 秒
[08:00:03.816] ✅ [IPC FAST] 异步翻译请求(发送) 已入队 | Slot:0 | Pending:1 | Event:OK
[08:00:03.817] 📥 [IPC/Receive] 来源:SLOW | 大小:1040
[08:00:03.817] 🚀 [IPC/Out] 收到自发消息翻译回应 (准备注入发送流)
[08:00:03.817]    ├─ 方向: Outgoing (发)
[08:00:03.817]    ├─ 原文: 你好
[08:00:03.817]    └─ 译文: 你好
[08:00:03.817] ✅ [IPC SLOW] 翻译映射/发送完成 已入队 | Slot:0 | Pending:1 | Event:OK
[08:00:03.818] 📥 [IPC/Receive] 来源:SLOW | 大小:1040
[08:00:03.818] 🚀 [IPC/Out] 收到自发消息翻译回应 (准备注入发送流)
[08:00:03.818]    ├─ 方向: Outgoing (发)
[08:00:03.818]    ├─ 原文: 你好
[08:00:03.818]    └─ 译文: 你好
[08:00:03.818] ✅ [IPC SLOW] 翻译映射/发送完成 已入队 | Slot:1 | Pending:2 | Event:OK
[08:00:03.818] 📥 [IPC/Receive] 来源:SLOW | 大小:1040
[08:00:03.818] 🚀 [IPC/Out] 收到自发消息翻译回应 (准备注入发送流)
[08:00:03.818]    ├─ 方向: Outgoing (发)
[08:00:03.818]    ├─ 原文: 你好
[08:00:03.818]    └─ 译文: Hello
[08:00:03.818] ✅ [IPC SLOW] 翻译映射/发送完成 已入队 | Slot:2 | Pending:3 | Event:OK
[08:00:03.818] 📥 [IPC/Receive] 来源:SLOW | 大小:1040
[08:00:03.818] 🚀 [IPC/Out] 收到自发消息翻译回应 (准备注入发送流)
[08:00:03.818]    ├─ 方向: Outgoing (发)
[08:00:03.818]    ├─ 原文: 你好
[08:00:03.818]    └─ 译文: Привет
[08:00:03.818] ✅ [IPC SLOW] 翻译映射/发送完成 已入队 | Slot:3 | Pending:1 | Event:OK
[08:00:20.321] 📥 [NetEventChatFromHost] 收到同步包
[08:00:20.322]    ├─ 原始 PID: 0x3 (提取后: 3)
[08:00:20.322]    ├─ 消息标志: 0x00000020
[08:00:20.322]    ├─ 消息范围: 0x00000000
[08:00:20.322]    ├─ 总计长度: 11 字节
[08:00:20.322]    ├─ 原始字节 (11 bytes): 20 00 00 00 00 68 65 6C 6C 6F 00 
[08:00:20.322]    └─ 文本内容: hello
[08:00:20.322] 🔍 [getDefaultShoutContent] 开始比对内容: "hello"
[08:00:20.322]    ├─ [0] 锚点: src="", def=""
[08:00:20.322]    ├─ [1] 锚点: src="", def=""
[08:00:20.322]    ├─ [2] 锚点: src="", def=""
[08:00:20.322]    ├─ [3] 锚点: src="", def=""
[08:00:20.322]    ├─ [4] 锚点: src="", def=""
[08:00:20.322]    ├─ [5] 锚点: src="", def=""
[08:00:20.322]    ├─ [6] 锚点: src="", def=""
[08:00:20.322]    └─ ❌ 矩阵匹配结束，未发现匹配项
[08:00:20.322] 🔍 从缓存查找翻译
[08:00:20.322] ❌ 缓存未找到，准备请求翻译并等待结果
[08:00:20.322] ✅ [IPC FAST] 异步翻译请求(接收) 已入队 | Slot:1 | Pending:1 | Event:OK
[08:00:21.472] 📥 [IPC/Receive] 来源:SLOW | 大小:1040
[08:00:21.472] 🧠 [IPC/In] 收到他人消息翻译回应 (已更新缓存)
[08:00:21.472]    ├─ 方向: Incoming (收)
[08:00:21.472]    ├─ 原文: hello
[08:00:21.472]    └─ 译文: 你好
[08:00:21.472] ✅ [IPC SLOW] 翻译映射/发送完成 已入队 | Slot:4 | Pending:1 | Event:OK
[08:00:21.508] 📥 [NetEventChatFromHost] 收到同步包
[08:00:21.508]    ├─ 原始 PID: 0x3 (提取后: 3)
[08:00:21.508]    ├─ 消息标志: 0x00000020
[08:00:21.508]    ├─ 消息范围: 0x00000000
[08:00:21.508]    ├─ 总计长度: 12 字节
[08:00:21.508]    ├─ 原始字节 (12 bytes): 20 00 00 00 00 E4 BD A0 E5 A5 BD 00 
[08:00:21.508]    └─ 文本内容: 你好
[08:00:21.508] 🔍 [getDefaultShoutContent] 开始比对内容: "你好"
[08:00:21.508]    ├─ [0] 锚点: src="", def=""
[08:00:21.508]    ├─ [1] 锚点: src="", def=""
[08:00:21.508]    ├─ [2] 锚点: src="", def=""
[08:00:21.508]    ├─ [3] 锚点: src="", def=""
[08:00:21.508]    ├─ [4] 锚点: src="", def=""
[08:00:21.508]    ├─ [5] 锚点: src="", def=""
[08:00:21.508]    ├─ [6] 锚点: src="", def=""
[08:00:21.508]    └─ ❌ 矩阵匹配结束，未发现匹配项
[08:00:21.508] 🔍 从缓存查找翻译
[08:00:21.508] ✅ 从缓存中找到翻译，自动转为本地语言: 你好
[08:00:21.508]    └─ ✅ 内容已重定向，新长度: 12
[08:01:38.814] 💬 [聊天分发] 内容: 「你好」
[08:01:38.814]    ├─ 接收者: 所有人(All)
[08:01:38.814]    ├─ 场景状态: 联网模式(Network) [0x1]
[08:01:38.814]    └─ 停留时长: 10.0 秒
[08:01:38.814] ✅ [IPC FAST] 异步翻译请求(发送) 已入队 | Slot:2 | Pending:1 | Event:OK
[08:01:38.815] 📥 [IPC/Receive] 来源:SLOW | 大小:1040
[08:01:38.815] 🚀 [IPC/Out] 收到自发消息翻译回应 (准备注入发送流)
[08:01:38.815]    ├─ 方向: Outgoing (发)
[08:01:38.815]    ├─ 原文: 你好
[08:01:38.815]    └─ 译文: 你好
[08:01:38.815] ✅ [IPC SLOW] 翻译映射/发送完成 已入队 | Slot:5 | Pending:1 | Event:OK
[08:01:38.815] 📥 [IPC/Receive] 来源:SLOW | 大小:1040
[08:01:38.815] 🚀 [IPC/Out] 收到自发消息翻译回应 (准备注入发送流)
[08:01:38.815]    ├─ 方向: Outgoing (发)
[08:01:38.815]    ├─ 原文: 你好
[08:01:38.815]    └─ 译文: 你好
[08:01:38.815] ✅ [IPC SLOW] 翻译映射/发送完成 已入队 | Slot:6 | Pending:2 | Event:OK
[08:01:38.816] 📥 [IPC/Receive] 来源:SLOW | 大小:1040
[08:01:38.816] 🚀 [IPC/Out] 收到自发消息翻译回应 (准备注入发送流)
[08:01:38.816]    ├─ 方向: Outgoing (发)
[08:01:38.816]    ├─ 原文: 你好
[08:01:38.816]    └─ 译文: Hello
[08:01:38.816] ✅ [IPC SLOW] 翻译映射/发送完成 已入队 | Slot:7 | Pending:3 | Event:OK
[08:01:38.816] 📥 [IPC/Receive] 来源:SLOW | 大小:1040
[08:01:38.816] 🚀 [IPC/Out] 收到自发消息翻译回应 (准备注入发送流)
[08:01:38.816]    ├─ 方向: Outgoing (发)
[08:01:38.816]    ├─ 原文: 你好
[08:01:38.816]    └─ 译文: Привет
[08:01:38.816] ✅ [IPC SLOW] 翻译映射/发送完成 已入队 | Slot:8 | Pending:3 | Event:OK
[08:01:48.211] 💬 [聊天分发] 内容: 「你在哪里？」
[08:01:48.212]    ├─ 接收者: 所有人(All)
[08:01:48.212]    ├─ 场景状态: 联网模式(Network) [0x1]
[08:01:48.212]    └─ 停留时长: 10.0 秒
[08:01:48.212] ✅ [IPC FAST] 异步翻译请求(发送) 已入队 | Slot:3 | Pending:1 | Event:OK
[08:01:49.255] 📥 [IPC/Receive] 来源:SLOW | 大小:1040
[08:01:49.255] 🚀 [IPC/Out] 收到自发消息翻译回应 (准备注入发送流)
[08:01:49.255]    ├─ 方向: Outgoing (发)
[08:01:49.255]    ├─ 原文: 你在哪里？
[08:01:49.255]    └─ 译文: Где ты?
[08:01:49.255] ✅ [IPC SLOW] 翻译映射/发送完成 已入队 | Slot:9 | Pending:1 | Event:OK
[08:01:49.255] 📥 [IPC/Receive] 来源:SLOW | 大小:1040
[08:01:49.255] 🚀 [IPC/Out] 收到自发消息翻译回应 (准备注入发送流)
[08:01:49.255]    ├─ 方向: Outgoing (发)
[08:01:49.255]    ├─ 原文: 你在哪里？
[08:01:49.255]    └─ 译文: Where are you?
[08:01:49.255] ✅ [IPC SLOW] 翻译映射/发送完成 已入队 | Slot:10 | Pending:2 | Event:OK
[08:01:49.256] 📥 [IPC/Receive] 来源:SLOW | 大小:1040
[08:01:49.256] 🚀 [IPC/Out] 收到自发消息翻译回应 (准备注入发送流)
[08:01:49.256]    ├─ 方向: Outgoing (发)
[08:01:49.256]    ├─ 原文: 你在哪里？
[08:01:49.256]    └─ 译文: 你在哪裡？
[08:01:49.256] ✅ [IPC SLOW] 翻译映射/发送完成 已入队 | Slot:11 | Pending:3 | Event:OK
[08:01:49.256] 📥 [IPC/Receive] 来源:SLOW | 大小:1040
[08:01:49.256] 🚀 [IPC/Out] 收到自发消息翻译回应 (准备注入发送流)
[08:01:49.256]    ├─ 方向: Outgoing (发)
[08:01:49.256]    ├─ 原文: 你在哪里？
[08:01:49.256]    └─ 译文: 你在哪里？
[08:01:49.256] ✅ [IPC SLOW] 翻译映射/发送完成 已入队 | Slot:12 | Pending:4 | Event:OK
[08:06:34.752] 准备初始化 War3Hook
[08:06:34.755] ✨ 共享内存首次创建: 双通道缓冲区索引已归零。
[08:06:34.755] 进程路径: X:\单机游戏\魔兽3-冰封王座\War3.exe
[08:06:34.755] getCurrentWar3Version 开始
[08:06:34.755] 进程名: War3.exe
[08:06:34.755] 进程名验证通过✅
[08:06:34.755] [VersionFlag] 检测到版本: 1.26.0.6401, 版本标志设为: 1
[08:06:34.755] getCurrentWar3Version 完成
[08:06:34.755] [VersionCheck] 正在检测高版本: 1.26.0.6401 | 参数 includeV126: 0 | 识别方式: 常用版本字符串判断 | 结果: 属于低版本
[08:06:34.755] [VersionCheck] 正在检测版本: 1.26.0.6401 | 识别方式: 常用版本字符串判断 | 结果: 高版本
[08:06:34.755] getModuleBaseAddress: 开始查找模块 [game.dll]
[08:06:34.755] 🚀 IPC 信号驱动线程已启动 (双通道监控模式)
[08:06:34.755] getModuleBaseAddress: 通过GetModuleHandleA成功获取模块 [game.dll] 基地址: 0x6F000000
[08:06:34.755] 🔍 [FindOffset] 开始搜索偏移. 目标版本: 1.26.0.6401
[08:06:34.755]       - DLL基址: 0x6F000000
[08:06:34.755]       - DLL大小: 12275712 (0xBB5000)
[08:06:34.755]       - ✅ 精确匹配成功: 预设偏移 0x2FC981
[08:06:34.755] 🔍 [FindOffset] 开始搜索偏移. 目标版本: 1.26.0.6401
[08:06:34.755]       - DLL基址: 0x6F000000
[08:06:34.755]       - DLL大小: 12275712 (0xBB5000)
[08:06:34.755]       - ✅ 精确匹配成功: 预设偏移 0x2FB480
[08:06:34.755] 🔍 [FindOffset] 开始搜索偏移. 目标版本: 1.26.0.6401
[08:06:34.755]       - DLL基址: 0x6F000000
[08:06:34.755]       - DLL大小: 12275712 (0xBB5000)
[08:06:34.755]       - ✅ 精确匹配成功: 预设偏移 0x67B5E9
[08:06:34.755] 🔍 [FindOffset] 开始搜索偏移. 目标版本: 1.26.0.6401
[08:06:34.755]       - DLL基址: 0x6F000000
[08:06:34.755]       - DLL大小: 12275712 (0xBB5000)
[08:06:34.755]       - ✅ 精确匹配成功: 预设偏移 0x65AE80
[08:06:34.755] 🔍 [FindOffset] 开始搜索偏移. 目标版本: 1.26.0.6401
[08:06:34.755]       - DLL基址: 0x6F000000
[08:06:34.755]       - DLL大小: 12275712 (0xBB5000)
[08:06:34.755]       - ✅ 精确匹配成功: 预设偏移 0x2FEA4B
[08:06:34.755] 🔍 [FindOffset] 开始搜索偏移. 目标版本: 1.26.0.6401
[08:06:34.755]       - DLL基址: 0x6F000000
[08:06:34.755]       - DLL大小: 12275712 (0xBB5000)
[08:06:34.755]       - ✅ 精确匹配成功: 预设偏移 0x368058
[08:06:34.755] 🔍 [FindOffset] 开始搜索偏移. 目标版本: 1.26.0.6401
[08:06:34.755]       - DLL基址: 0x6F000000
[08:06:34.755]       - DLL大小: 12275712 (0xBB5000)
[08:06:34.755]       - ✅ 精确匹配成功: 预设偏移 0x336BF9
[08:06:34.755] 🔍 [FindOffset] 开始搜索偏移. 目标版本: 1.26.0.6401
[08:06:34.755]       - DLL基址: 0x6F000000
[08:06:34.755]       - DLL大小: 12275712 (0xBB5000)
[08:06:34.755]       - ✅ 精确匹配成功: 预设偏移 0x615440
[08:06:34.755] War3Hook 初始化完成
[08:06:34.755] ✅ 初始化成功！执行安装。
[08:06:34.755] 🚀 开始安装全系统钩子...
[08:06:34.755] 开始安装 game.dll GameChatRecipientInGame_ Hook...
[08:06:34.755] 开始安装钩子！钩子函数: jumpWhenCallGameChatRecipientInGame_
[08:06:34.755] getModuleBaseAddress: 开始查找模块 [game.dll]
[08:06:34.755] getModuleBaseAddress: 通过GetModuleHandleA成功获取模块 [game.dll] 基地址: 0x6F000000
[08:06:34.755] 修改地址: 0x6F2FC981
[08:06:34.755] 调用地址: 0x6F2FB480
[08:06:34.755] 返回地址: 0x6F2FC986
[08:06:34.755] 找到钩子函数地址: 0x7AD56C8D
[08:06:34.755] 准备写入的字节码 (5 bytes): E9 07 A3 A5 0B 
[08:06:34.755] 保存的原始字节码 (5 bytes): E8 FA EA FF FF 
[08:06:34.755] 钩子安装成功！ 地址: 0x6F2FC981
[08:06:34.755] 修复相对偏移(5字节指令) 0: 0xFFFFEAFA -> 0x6AE6B47B
[08:06:34.755] 跳板 [0] 地址: 0x04490000
[08:06:34.755] 钩子安装成功！ 钩子函数: jumpWhenCallGameChatRecipientInGame_
[08:06:34.755] [game.dll] GameChatRecipientInGame_ 钩子安装成功。
[08:06:34.755]   - 修改地址: 0x6F2FC981
[08:06:34.755]   - 函数地址: 0x6F2FB480
[08:06:34.755]   - 返回地址: 0x6F2FC986
[08:06:34.755]   - 跳板地址: 0x04490000
[08:06:34.755]   ├──  Logic: ChatRecipientInGame                    [OK ✅]
[08:06:34.755] 开始安装 game.dll GameNetEventChatFromHost Hook...
[08:06:34.755] 开始安装钩子！钩子函数: jumpWhenCallGameNetEventChatFromHost
[08:06:34.755] getModuleBaseAddress: 开始查找模块 [game.dll]
[08:06:34.755] getModuleBaseAddress: 通过GetModuleHandleA成功获取模块 [game.dll] 基地址: 0x6F000000
[08:06:34.755] 修改地址: 0x6F67B5E9
[08:06:34.755] 调用地址: 0x6F65AE80
[08:06:34.755] 返回地址: 0x6F67B5EE
[08:06:34.755] 找到钩子函数地址: 0x7AD57139
[08:06:34.755] 准备写入的字节码 (5 bytes): E9 4B BB 6D 0B 
[08:06:34.755] 保存的原始字节码 (5 bytes): E8 92 F8 FD FF 
[08:06:34.755] 钩子安装成功！ 地址: 0x6F67B5E9
[08:06:34.756] 修复相对偏移(5字节指令) 0: 0xFFFDF892 -> 0x6B1CAE6B
[08:06:34.756] 跳板 [0] 地址: 0x04490010
[08:06:34.756] 钩子安装成功！ 钩子函数: jumpWhenCallGameNetEventChatFromHost
[08:06:34.756] [game.dll] GameNetEventChatFromHost 钩子安装成功。
[08:06:34.756]   - 修改地址: 0x6F67B5E9
[08:06:34.756]   - 函数地址: 0x6F65AE80
[08:06:34.756]   - 返回地址: 0x6F67B5EE
[08:06:34.756]   - 跳板地址: 0x04490010
[08:06:34.756]   ├──  Logic: NetEventChatFromHost                   [OK ✅]
[08:06:34.756] 开始安装 game.dll GamePrimaryGameUIVtable_ Hook...
[08:06:34.756] 开始安装钩子！钩子函数: jumpWhenCallGamePrimaryGameUIVtable_
[08:06:34.756] getModuleBaseAddress: 开始查找模块 [game.dll]
[08:06:34.756] getModuleBaseAddress: 通过GetModuleHandleA成功获取模块 [game.dll] 基地址: 0x6F000000
[08:06:34.756] 修改地址: 0x6F2FEA4B
[08:06:34.756] 返回地址: 0x6F2FEA51
[08:06:34.756] 找到钩子函数地址: 0x7AD57754
[08:06:34.756] 准备写入的字节码 (6 bytes): E9 04 8D A5 0B 90 
[08:06:34.756] 保存的原始字节码 (6 bytes): C7 06 1C 63 93 6F 
[08:06:34.756] 钩子安装成功！ 地址: 0x6F2FEA4B
[08:06:34.756] 跳板 [0] 地址: 0x04490020
[08:06:34.756] 钩子安装成功！ 钩子函数: jumpWhenCallGamePrimaryGameUIVtable_
[08:06:34.756] [VersionCheck] 正在检测高版本: 1.26.0.6401 | 参数 includeV126: 0 | 识别方式: 常用版本字符串判断 | 结果: 属于低版本
[08:06:34.756] ✅ [版本适配] 检测到 War3 版本类型: 常规版本 (1.26-)
[08:06:34.756]    ├─ 虚表基址: 0x6F93631C (通过指令 C7 06 提取)
[08:06:34.756]    └─ 目标函数 (+0x0C): 0x6F3012E0
[08:06:34.756] [game.dll] GamePrimaryGameUIVtable_ 钩子安装成功。
[08:06:34.756]   - 修改地址: 0x6F2FEA4B
[08:06:34.756]   - 返回地址: 0x6F2FEA51
[08:06:34.756]   - 跳板地址: 0x04490020
[08:06:34.756]   ├──  Logic: PrimaryGameUIVtable                    [OK ✅]
[08:06:34.756] 开始安装 game.dll GameChatEditBarUIVtable1 Hook...
[08:06:34.756] 开始安装钩子！钩子函数: jumpWhenCallGameChatEditBarUIVtable1
[08:06:34.756] getModuleBaseAddress: 开始查找模块 [game.dll]
[08:06:34.756] getModuleBaseAddress: 通过GetModuleHandleA成功获取模块 [game.dll] 基地址: 0x6F000000
[08:06:34.756] 修改地址: 0x6F368058
[08:06:34.756] 返回地址: 0x6F36805E
[08:06:34.756] 找到钩子函数地址: 0x7AD579EC
[08:06:34.756] 准备写入的字节码 (6 bytes): E9 8F F9 9E 0B 90 
[08:06:34.756] 保存的原始字节码 (6 bytes): C7 06 C4 EA 93 6F 
[08:06:34.756] 钩子安装成功！ 地址: 0x6F368058
[08:06:34.756] 跳板 [0] 地址: 0x04490030
[08:06:34.756] 钩子安装成功！ 钩子函数: jumpWhenCallGameChatEditBarUIVtable1
[08:06:34.756] [game.dll] GameChatEditBarUIVtable1 钩子安装成功。
[08:06:34.756]   - 修改地址: 0x6F368058
[08:06:34.756]   - 返回地址: 0x6F36805E
[08:06:34.756]   - 跳板地址: 0x04490030
[08:06:34.756]   ├──  Logic: ChatEditBarUIVtable1                   [OK ✅]
[08:06:34.756] 开始安装 game.dll GameChatEditBarUIVtable2 Hook...
[08:06:34.756] 🎯 成功提取 UI 事件结构体地址: 0x6FA9ACB0
[08:06:34.756] 开始安装钩子！钩子函数: jumpWhenCallGameChatEditBarUIVtable2
[08:06:34.756] getModuleBaseAddress: 开始查找模块 [game.dll]
[08:06:34.756] getModuleBaseAddress: 通过GetModuleHandleA成功获取模块 [game.dll] 基地址: 0x6F000000
[08:06:34.756] 修改地址: 0x6F336BF9
[08:06:34.756] 返回地址: 0x6F336BFF
[08:06:34.756] 找到钩子函数地址: 0x7AD57D27
[08:06:34.756] 准备写入的字节码 (6 bytes): E9 29 11 A2 0B 90 
[08:06:34.756] 保存的原始字节码 (6 bytes): C7 06 A4 A7 93 6F 
[08:06:34.756] 钩子安装成功！ 地址: 0x6F336BF9
[08:06:34.756] 跳板 [0] 地址: 0x04490040
[08:06:34.756] 钩子安装成功！ 钩子函数: jumpWhenCallGameChatEditBarUIVtable2
[08:06:34.756] [game.dll] GameChatEditBarUIVtable2 钩子安装成功。
[08:06:34.756]   - 修改地址: 0x6F336BF9
[08:06:34.756]   - 返回地址: 0x6F336BFF
[08:06:34.756]   - 跳板地址: 0x04490040
[08:06:34.756]   - 结构体地址: 0x6FA9ACB0
[08:06:34.756]   ├──  Logic: ChatEditBarUIVtable2                   [OK ✅]
[08:06:34.756] ✨ 安装任务结束。状态: 全部成功
[08:06:36.620] ℹ️ [拦截] 钩子已经安装过，无需操作。
[08:06:38.518] 📥 [NetEventChatFromHost] 收到同步包
[08:06:38.518]    ├─ 原始 PID: 0x2 (提取后: 2)
[08:06:38.518]    ├─ 消息标志: 0x66637C10
[08:06:38.518]    ├─ 消息范围: 0x00000000
[08:06:38.518]    ├─ 总计长度: 41 字节
[08:06:38.518]    ├─ 原始字节 (41 bytes): 10 7C 63 66 66 66 66 30 30 30 30 47 61 6D 65 20 73 74 61 72 74 73 20 69 6E 20 35 20 73 65 63 6F 6E 64 73 2E 2E 2E 7C 72 00 
[08:06:38.518]    └─ 文本内容: fff0000Game starts in 5 seconds...|r
[08:06:38.518] 🔍 检测到机器人消息 (PID: 2)
[08:06:45.457] 🔄 [对象] GameUI 指针: 0x32410088
[08:06:45.498] 🔄 [对象] CharManager 指针: 0x34B800B0
[08:06:45.514] 🔄 [对象] CharEditBar 指针: 0x34B900B0
[08:07:01.665] 💬 [聊天分发] 内容: 「你好」
[08:07:01.666]    ├─ 接收者: 所有人(All)
[08:07:01.666]    ├─ 场景状态: 联网模式(Network) [0x1]
[08:07:01.666]    └─ 停留时长: 10.0 秒
[08:07:01.666] ✅ [IPC FAST] 异步翻译请求(发送) 已入队 | Slot:0 | Pending:1 | Event:OK
[08:07:01.667] 📥 [IPC/Receive] 来源:SLOW | 大小:1040
[08:07:01.667] 🚀 [IPC/Out] 收到自发消息翻译回应 (准备注入发送流)
[08:07:01.667]    ├─ 方向: Outgoing (发)
[08:07:01.667]    ├─ 原文: 你好
[08:07:01.667]    └─ 译文: 你好
[08:07:01.667] ✅ [IPC SLOW] 翻译映射/发送完成 已入队 | Slot:0 | Pending:1 | Event:OK
[08:07:01.667] 📥 [IPC/Receive] 来源:SLOW | 大小:1040
[08:07:01.667] 🚀 [IPC/Out] 收到自发消息翻译回应 (准备注入发送流)
[08:07:01.667]    ├─ 方向: Outgoing (发)
[08:07:01.667]    ├─ 原文: 你好
[08:07:01.667]    └─ 译文: 你好
[08:07:01.667] ✅ [IPC SLOW] 翻译映射/发送完成 已入队 | Slot:1 | Pending:2 | Event:OK
[08:07:01.667] 📥 [IPC/Receive] 来源:SLOW | 大小:1040
[08:07:01.667] 🚀 [IPC/Out] 收到自发消息翻译回应 (准备注入发送流)
[08:07:01.667]    ├─ 方向: Outgoing (发)
[08:07:01.667]    ├─ 原文: 你好
[08:07:01.667]    └─ 译文: Hello
[08:07:01.667] ✅ [IPC SLOW] 翻译映射/发送完成 已入队 | Slot:2 | Pending:3 | Event:OK
[08:07:01.668] 📥 [IPC/Receive] 来源:SLOW | 大小:1040
[08:07:01.668] 🚀 [IPC/Out] 收到自发消息翻译回应 (准备注入发送流)
[08:07:01.668]    ├─ 方向: Outgoing (发)
[08:07:01.668]    ├─ 原文: 你好
[08:07:01.668]    └─ 译文: Привет
[08:07:01.668] ✅ [IPC SLOW] 翻译映射/发送完成 已入队 | Slot:3 | Pending:3 | Event:OK
[08:07:17.605] 📥 [NetEventChatFromHost] 收到同步包
[08:07:17.605]    ├─ 原始 PID: 0x3 (提取后: 3)
[08:07:17.605]    ├─ 消息标志: 0x00000020
[08:07:17.605]    ├─ 消息范围: 0x00000000
[08:07:17.605]    ├─ 总计长度: 11 字节
[08:07:17.605]    ├─ 原始字节 (11 bytes): 20 00 00 00 00 68 65 6C 6C 6F 00 
[08:07:17.605]    └─ 文本内容: hello
[08:07:17.605] 🔍 [getDefaultShoutContent] 开始比对内容: "hello"
[08:07:17.605]    ├─ [0] 锚点: src="", def=""
[08:07:17.605]    ├─ [1] 锚点: src="", def=""
[08:07:17.605]    ├─ [2] 锚点: src="", def=""
[08:07:17.605]    ├─ [3] 锚点: src="", def=""
[08:07:17.605]    ├─ [4] 锚点: src="", def=""
[08:07:17.605]    ├─ [5] 锚点: src="", def=""
[08:07:17.605]    ├─ [6] 锚点: src="", def=""
[08:07:17.605]    └─ ❌ 矩阵匹配结束，未发现匹配项
[08:07:17.605] 🔍 从缓存查找翻译
[08:07:17.605] ❌ 缓存未找到，准备请求翻译并等待结果
[08:07:17.605] ✅ [IPC FAST] 异步翻译请求(接收) 已入队 | Slot:1 | Pending:1 | Event:OK
[08:07:18.721] 📥 [IPC/Receive] 来源:SLOW | 大小:1040
[08:07:18.721] 🧠 [IPC/In] 收到他人消息翻译回应 (已更新缓存)
[08:07:18.721]    ├─ 方向: Incoming (收)
[08:07:18.721]    ├─ 原文: hello
[08:07:18.721]    └─ 译文: 你好
[08:07:18.721] ✅ [IPC SLOW] 翻译映射/发送完成 已入队 | Slot:4 | Pending:1 | Event:OK
[08:07:18.736] 📥 [NetEventChatFromHost] 收到同步包
[08:07:18.736]    ├─ 原始 PID: 0x3 (提取后: 3)
[08:07:18.736]    ├─ 消息标志: 0x00000020
[08:07:18.736]    ├─ 消息范围: 0x00000000
[08:07:18.736]    ├─ 总计长度: 12 字节
[08:07:18.736]    ├─ 原始字节 (12 bytes): 20 00 00 00 00 E4 BD A0 E5 A5 BD 00 
[08:07:18.736]    └─ 文本内容: 你好
[08:07:18.736] 🔍 [getDefaultShoutContent] 开始比对内容: "你好"
[08:07:18.736]    ├─ [0] 锚点: src="", def=""
[08:07:18.736]    ├─ [1] 锚点: src="", def=""
[08:07:18.736]    ├─ [2] 锚点: src="", def=""
[08:07:18.736]    ├─ [3] 锚点: src="", def=""
[08:07:18.736]    ├─ [4] 锚点: src="", def=""
[08:07:18.736]    ├─ [5] 锚点: src="", def=""
[08:07:18.736]    ├─ [6] 锚点: src="", def=""
[08:07:18.736]    └─ ❌ 矩阵匹配结束，未发现匹配项
[08:07:18.736] 🔍 从缓存查找翻译
[08:07:18.736] ✅ 从缓存中找到翻译，自动转为本地语言: 你好
[08:07:18.736]    └─ ✅ 内容已重定向，新长度: 12
[08:09:37.504] 准备初始化 War3Hook
[08:09:37.506] ✨ 共享内存首次创建: 双通道缓冲区索引已归零。
[08:09:37.506] 进程路径: X:\单机游戏\魔兽3-冰封王座\War3.exe
[08:09:37.506] getCurrentWar3Version 开始
[08:09:37.506] 进程名: War3.exe
[08:09:37.506] 进程名验证通过✅
[08:09:37.506] [VersionFlag] 检测到版本: 1.26.0.6401, 版本标志设为: 1
[08:09:37.506] getCurrentWar3Version 完成
[08:09:37.506] [VersionCheck] 正在检测高版本: 1.26.0.6401 | 参数 includeV126: 0 | 识别方式: 常用版本字符串判断 | 结果: 属于低版本
[08:09:37.506] [VersionCheck] 正在检测版本: 1.26.0.6401 | 识别方式: 常用版本字符串判断 | 结果: 高版本
[08:09:37.506] getModuleBaseAddress: 开始查找模块 [game.dll]
[08:09:37.506] getModuleBaseAddress: 通过GetModuleHandleA成功获取模块 [game.dll] 基地址: 0x6F000000
[08:09:37.506] 🔍 [FindOffset] 开始搜索偏移. 目标版本: 1.26.0.6401
[08:09:37.506]       - DLL基址: 0x6F000000
[08:09:37.506]       - DLL大小: 12275712 (0xBB5000)
[08:09:37.506]       - ✅ 精确匹配成功: 预设偏移 0x2FC981
[08:09:37.506] 🔍 [FindOffset] 开始搜索偏移. 目标版本: 1.26.0.6401
[08:09:37.506]       - DLL基址: 0x6F000000
[08:09:37.506]       - DLL大小: 12275712 (0xBB5000)
[08:09:37.506]       - ✅ 精确匹配成功: 预设偏移 0x2FB480
[08:09:37.506] 🔍 [FindOffset] 开始搜索偏移. 目标版本: 1.26.0.6401
[08:09:37.506]       - DLL基址: 0x6F000000
[08:09:37.506]       - DLL大小: 12275712 (0xBB5000)
[08:09:37.506]       - ✅ 精确匹配成功: 预设偏移 0x67B5E9
[08:09:37.506] 🔍 [FindOffset] 开始搜索偏移. 目标版本: 1.26.0.6401
[08:09:37.506]       - DLL基址: 0x6F000000
[08:09:37.506]       - DLL大小: 12275712 (0xBB5000)
[08:09:37.506]       - ✅ 精确匹配成功: 预设偏移 0x65AE80
[08:09:37.506] 🔍 [FindOffset] 开始搜索偏移. 目标版本: 1.26.0.6401
[08:09:37.506]       - DLL基址: 0x6F000000
[08:09:37.506]       - DLL大小: 12275712 (0xBB5000)
[08:09:37.506]       - ✅ 精确匹配成功: 预设偏移 0x2FEA4B
[08:09:37.506] 🔍 [FindOffset] 开始搜索偏移. 目标版本: 1.26.0.6401
[08:09:37.506]       - DLL基址: 0x6F000000
[08:09:37.506]       - DLL大小: 12275712 (0xBB5000)
[08:09:37.506]       - ✅ 精确匹配成功: 预设偏移 0x368058
[08:09:37.506] 🔍 [FindOffset] 开始搜索偏移. 目标版本: 1.26.0.6401
[08:09:37.506]       - DLL基址: 0x6F000000
[08:09:37.506] 🚀 IPC 信号驱动线程已启动 (双通道监控模式)
[08:09:37.506]       - DLL大小: 12275712 (0xBB5000)
[08:09:37.506]       - ✅ 精确匹配成功: 预设偏移 0x336BF9
[08:09:37.506] 🔍 [FindOffset] 开始搜索偏移. 目标版本: 1.26.0.6401
[08:09:37.506]       - DLL基址: 0x6F000000
[08:09:37.506]       - DLL大小: 12275712 (0xBB5000)
[08:09:37.506]       - ✅ 精确匹配成功: 预设偏移 0x615440
[08:09:37.506] War3Hook 初始化完成
[08:09:37.506] ✅ 初始化成功！执行安装。
[08:09:37.506] 🚀 开始安装全系统钩子...
[08:09:37.506] 开始安装 game.dll GameChatRecipientInGame_ Hook...
[08:09:37.506] 开始安装钩子！钩子函数: jumpWhenCallGameChatRecipientInGame_
[08:09:37.506] getModuleBaseAddress: 开始查找模块 [game.dll]
[08:09:37.506] getModuleBaseAddress: 通过GetModuleHandleA成功获取模块 [game.dll] 基地址: 0x6F000000
[08:09:37.506] 修改地址: 0x6F2FC981
[08:09:37.506] 调用地址: 0x6F2FB480
[08:09:37.506] 返回地址: 0x6F2FC986
[08:09:37.506] 找到钩子函数地址: 0x7AD56C8D
[08:09:37.507] 准备写入的字节码 (5 bytes): E9 07 A3 A5 0B 
[08:09:37.507] 保存的原始字节码 (5 bytes): E8 FA EA FF FF 
[08:09:37.507] 钩子安装成功！ 地址: 0x6F2FC981
[08:09:37.507] 修复相对偏移(5字节指令) 0: 0xFFFFEAFA -> 0x6C25B47B
[08:09:37.507] 跳板 [0] 地址: 0x030A0000
[08:09:37.507] 钩子安装成功！ 钩子函数: jumpWhenCallGameChatRecipientInGame_
[08:09:37.507] [game.dll] GameChatRecipientInGame_ 钩子安装成功。
[08:09:37.507]   - 修改地址: 0x6F2FC981
[08:09:37.507]   - 函数地址: 0x6F2FB480
[08:09:37.507]   - 返回地址: 0x6F2FC986
[08:09:37.507]   - 跳板地址: 0x030A0000
[08:09:37.507]   ├──  Logic: ChatRecipientInGame                    [OK ✅]
[08:09:37.507] 开始安装 game.dll GameNetEventChatFromHost Hook...
[08:09:37.507] 开始安装钩子！钩子函数: jumpWhenCallGameNetEventChatFromHost
[08:09:37.507] getModuleBaseAddress: 开始查找模块 [game.dll]
[08:09:37.507] getModuleBaseAddress: 通过GetModuleHandleA成功获取模块 [game.dll] 基地址: 0x6F000000
[08:09:37.507] 修改地址: 0x6F67B5E9
[08:09:37.507] 调用地址: 0x6F65AE80
[08:09:37.507] 返回地址: 0x6F67B5EE
[08:09:37.507] 找到钩子函数地址: 0x7AD57139
[08:09:37.507] 准备写入的字节码 (5 bytes): E9 4B BB 6D 0B 
[08:09:37.507] 保存的原始字节码 (5 bytes): E8 92 F8 FD FF 
[08:09:37.507] 钩子安装成功！ 地址: 0x6F67B5E9
[08:09:37.507] 修复相对偏移(5字节指令) 0: 0xFFFDF892 -> 0x6C5BAE6B
[08:09:37.507] 跳板 [0] 地址: 0x030A0010
[08:09:37.507] 钩子安装成功！ 钩子函数: jumpWhenCallGameNetEventChatFromHost
[08:09:37.507] [game.dll] GameNetEventChatFromHost 钩子安装成功。
[08:09:37.507]   - 修改地址: 0x6F67B5E9
[08:09:37.507]   - 函数地址: 0x6F65AE80
[08:09:37.507]   - 返回地址: 0x6F67B5EE
[08:09:37.507]   - 跳板地址: 0x030A0010
[08:09:37.507]   ├──  Logic: NetEventChatFromHost                   [OK ✅]
[08:09:37.507] 开始安装 game.dll GamePrimaryGameUIVtable_ Hook...
[08:09:37.507] 开始安装钩子！钩子函数: jumpWhenCallGamePrimaryGameUIVtable_
[08:09:37.507] getModuleBaseAddress: 开始查找模块 [game.dll]
[08:09:37.507] getModuleBaseAddress: 通过GetModuleHandleA成功获取模块 [game.dll] 基地址: 0x6F000000
[08:09:37.507] 修改地址: 0x6F2FEA4B
[08:09:37.507] 返回地址: 0x6F2FEA51
[08:09:37.507] 找到钩子函数地址: 0x7AD57754
[08:09:37.507] 准备写入的字节码 (6 bytes): E9 04 8D A5 0B 90 
[08:09:37.507] 保存的原始字节码 (6 bytes): C7 06 1C 63 93 6F 
[08:09:37.507] 钩子安装成功！ 地址: 0x6F2FEA4B
[08:09:37.507] 跳板 [0] 地址: 0x030A0020
[08:09:37.507] 钩子安装成功！ 钩子函数: jumpWhenCallGamePrimaryGameUIVtable_
[08:09:37.507] [VersionCheck] 正在检测高版本: 1.26.0.6401 | 参数 includeV126: 0 | 识别方式: 常用版本字符串判断 | 结果: 属于低版本
[08:09:37.507] ✅ [版本适配] 检测到 War3 版本类型: 常规版本 (1.26-)
[08:09:37.507]    ├─ 虚表基址: 0x6F93631C (通过指令 C7 06 提取)
[08:09:37.507]    └─ 目标函数 (+0x0C): 0x6F3012E0
[08:09:37.507] [game.dll] GamePrimaryGameUIVtable_ 钩子安装成功。
[08:09:37.507]   - 修改地址: 0x6F2FEA4B
[08:09:37.507]   - 返回地址: 0x6F2FEA51
[08:09:37.507]   - 跳板地址: 0x030A0020
[08:09:37.507]   ├──  Logic: PrimaryGameUIVtable                    [OK ✅]
[08:09:37.507] 开始安装 game.dll GameChatEditBarUIVtable1 Hook...
[08:09:37.507] 开始安装钩子！钩子函数: jumpWhenCallGameChatEditBarUIVtable1
[08:09:37.507] getModuleBaseAddress: 开始查找模块 [game.dll]
[08:09:37.507] getModuleBaseAddress: 通过GetModuleHandleA成功获取模块 [game.dll] 基地址: 0x6F000000
[08:09:37.507] 修改地址: 0x6F368058
[08:09:37.507] 返回地址: 0x6F36805E
[08:09:37.507] 找到钩子函数地址: 0x7AD579EC
[08:09:37.507] 准备写入的字节码 (6 bytes): E9 8F F9 9E 0B 90 
[08:09:37.507] 保存的原始字节码 (6 bytes): C7 06 C4 EA 93 6F 
[08:09:37.507] 钩子安装成功！ 地址: 0x6F368058
[08:09:37.507] 跳板 [0] 地址: 0x030A0030
[08:09:37.507] 钩子安装成功！ 钩子函数: jumpWhenCallGameChatEditBarUIVtable1
[08:09:37.507] [game.dll] GameChatEditBarUIVtable1 钩子安装成功。
[08:09:37.507]   - 修改地址: 0x6F368058
[08:09:37.507]   - 返回地址: 0x6F36805E
[08:09:37.507]   - 跳板地址: 0x030A0030
[08:09:37.510]   ├──  Logic: ChatEditBarUIVtable1                   [OK ✅]
[08:09:37.510] 开始安装 game.dll GameChatEditBarUIVtable2 Hook...
[08:09:37.510] 🎯 成功提取 UI 事件结构体地址: 0x6FA9ACB0
[08:09:37.510] 开始安装钩子！钩子函数: jumpWhenCallGameChatEditBarUIVtable2
[08:09:37.510] getModuleBaseAddress: 开始查找模块 [game.dll]
[08:09:37.510] getModuleBaseAddress: 通过GetModuleHandleA成功获取模块 [game.dll] 基地址: 0x6F000000
[08:09:37.510] 修改地址: 0x6F336BF9
[08:09:37.510] 返回地址: 0x6F336BFF
[08:09:37.510] 找到钩子函数地址: 0x7AD57D27
[08:09:37.510] 准备写入的字节码 (6 bytes): E9 29 11 A2 0B 90 
[08:09:37.510] 保存的原始字节码 (6 bytes): C7 06 A4 A7 93 6F 
[08:09:37.510] 钩子安装成功！ 地址: 0x6F336BF9
[08:09:37.510] 跳板 [0] 地址: 0x030A0040
[08:09:37.510] 钩子安装成功！ 钩子函数: jumpWhenCallGameChatEditBarUIVtable2
[08:09:37.510] [game.dll] GameChatEditBarUIVtable2 钩子安装成功。
[08:09:37.510]   - 修改地址: 0x6F336BF9
[08:09:37.510]   - 返回地址: 0x6F336BFF
[08:09:37.510]   - 跳板地址: 0x030A0040
[08:09:37.510]   - 结构体地址: 0x6FA9ACB0
[08:09:37.510]   ├──  Logic: ChatEditBarUIVtable2                   [OK ✅]
[08:09:37.510] ✨ 安装任务结束。状态: 全部成功
[08:09:39.499] ℹ️ [拦截] 钩子已经安装过，无需操作。
[08:09:40.989] 📥 [NetEventChatFromHost] 收到同步包
[08:09:40.989]    ├─ 原始 PID: 0x2 (提取后: 2)
[08:09:40.989]    ├─ 消息标志: 0x66637C10
[08:09:40.989]    ├─ 消息范围: 0x00000000
[08:09:40.989]    ├─ 总计长度: 41 字节
[08:09:40.989]    ├─ 原始字节 (41 bytes): 10 7C 63 66 66 66 66 30 30 30 30 47 61 6D 65 20 73 74 61 72 74 73 20 69 6E 20 35 20 73 65 63 6F 6E 64 73 2E 2E 2E 7C 72 00 
[08:09:40.989]    └─ 文本内容: fff0000Game starts in 5 seconds...|r
[08:09:40.989] 🔍 检测到机器人消息 (PID: 2)
[08:09:47.507] 🔄 [对象] GameUI 指针: 0x32450088
[08:09:47.554] 🔄 [对象] CharManager 指针: 0x34BD00B0
[08:09:47.554] 🔄 [对象] CharEditBar 指针: 0x34BE00B0
[08:10:09.451] 💬 [聊天分发] 内容: 「你好」
[08:10:09.451]    ├─ 接收者: 所有人(All)
[08:10:09.451]    ├─ 场景状态: 联网模式(Network) [0x1]
[08:10:09.451]    └─ 停留时长: 10.0 秒
[08:10:09.451] ✅ [IPC FAST] 异步翻译请求(发送) 已入队 | Slot:0 | Pending:1 | Event:OK
[08:10:09.453] 📥 [IPC/Receive] 来源:SLOW | 大小:1040
[08:10:09.453] 🚀 [IPC/Out] 收到自发消息翻译回应 (准备注入发送流)
[08:10:09.453]    ├─ 方向: Outgoing (发)
[08:10:09.453]    ├─ 原文: 你好
[08:10:09.453]    └─ 译文: 你好
[08:10:09.453] ✅ [IPC SLOW] 翻译映射/发送完成 已入队 | Slot:0 | Pending:1 | Event:OK
[08:10:09.453] 📥 [IPC/Receive] 来源:SLOW | 大小:1040
[08:10:09.453] 🚀 [IPC/Out] 收到自发消息翻译回应 (准备注入发送流)
[08:10:09.453]    ├─ 方向: Outgoing (发)
[08:10:09.453]    ├─ 原文: 你好
[08:10:09.453]    └─ 译文: 你好
[08:10:09.453] ✅ [IPC SLOW] 翻译映射/发送完成 已入队 | Slot:1 | Pending:2 | Event:OK
[08:10:09.453] 📥 [IPC/Receive] 来源:SLOW | 大小:1040
[08:10:09.453] 🚀 [IPC/Out] 收到自发消息翻译回应 (准备注入发送流)
[08:10:09.453]    ├─ 方向: Outgoing (发)
[08:10:09.453]    ├─ 原文: 你好
[08:10:09.453]    └─ 译文: Hello
[08:10:09.453] ✅ [IPC SLOW] 翻译映射/发送完成 已入队 | Slot:2 | Pending:3 | Event:OK
[08:10:09.453] 📥 [IPC/Receive] 来源:SLOW | 大小:1040
[08:10:09.453] 🚀 [IPC/Out] 收到自发消息翻译回应 (准备注入发送流)
[08:10:09.453]    ├─ 方向: Outgoing (发)
[08:10:09.454]    ├─ 原文: 你好
[08:10:09.454]    └─ 译文: Привет
[08:10:09.454] ✅ [IPC SLOW] 翻译映射/发送完成 已入队 | Slot:3 | Pending:3 | Event:OK
[08:10:39.876] 📥 [NetEventChatFromHost] 收到同步包
[08:10:39.876]    ├─ 原始 PID: 0x3 (提取后: 3)
[08:10:39.876]    ├─ 消息标志: 0x00000020
[08:10:39.876]    ├─ 消息范围: 0x00000000
[08:10:39.876]    ├─ 总计长度: 11 字节
[08:10:39.876]    ├─ 原始字节 (11 bytes): 20 00 00 00 00 48 65 6C 6C 6F 00 
[08:10:39.876]    └─ 文本内容: Hello
[08:10:39.876] 🔍 [getDefaultShoutContent] 开始比对内容: "Hello"
[08:10:39.876]    ├─ [0] 锚点: src="", def=""
[08:10:39.876]    ├─ [1] 锚点: src="", def=""
[08:10:39.876]    ├─ [2] 锚点: src="", def=""
[08:10:39.876]    ├─ [3] 锚点: src="", def=""
[08:10:39.876]    ├─ [4] 锚点: src="", def=""
[08:10:39.876]    ├─ [5] 锚点: src="", def=""
[08:10:39.876]    ├─ [6] 锚点: src="", def=""
[08:10:39.876]    └─ ❌ 矩阵匹配结束，未发现匹配项
[08:10:39.876] 🔍 从缓存查找翻译
[08:10:39.876] ❌ 缓存未找到，准备请求翻译并等待结果
[08:10:39.876] ✅ [IPC FAST] 异步翻译请求(接收) 已入队 | Slot:1 | Pending:1 | Event:OK
[08:10:39.876] 📥 [IPC/Receive] 来源:SLOW | 大小:1040
[08:10:39.876] 🧠 [IPC/In] 收到他人消息翻译回应 (已更新缓存)
[08:10:39.876]    ├─ 方向: Incoming (收)
[08:10:39.876]    ├─ 原文: Hello
[08:10:39.876]    └─ 译文: 你好
[08:10:39.876] ✅ [IPC SLOW] 翻译映射/发送完成 已入队 | Slot:4 | Pending:1 | Event:OK
[08:10:39.904] 📥 [NetEventChatFromHost] 收到同步包
[08:10:39.904]    ├─ 原始 PID: 0xFC1DA403 (提取后: 3)
[08:10:39.904]    ├─ 消息标志: 0x00000020
[08:10:39.904]    ├─ 消息范围: 0x00000000
[08:10:39.904]    ├─ 总计长度: 12 字节
[08:10:39.904]    ├─ 原始字节 (12 bytes): 20 00 00 00 00 E4 BD A0 E5 A5 BD 00 
[08:10:39.904]    └─ 文本内容: 你好
[08:10:39.904] 🔍 [getDefaultShoutContent] 开始比对内容: "你好"
[08:10:39.904]    ├─ [0] 锚点: src="", def=""
[08:10:39.904]    ├─ [1] 锚点: src="", def=""
[08:10:39.904]    ├─ [2] 锚点: src="", def=""
[08:10:39.904]    ├─ [3] 锚点: src="", def=""
[08:10:39.904]    ├─ [4] 锚点: src="", def=""
[08:10:39.904]    ├─ [5] 锚点: src="", def=""
[08:10:39.904]    ├─ [6] 锚点: src="", def=""
[08:10:39.904]    └─ ❌ 矩阵匹配结束，未发现匹配项
[08:10:39.904] 🔍 从缓存查找翻译
[08:10:39.904] ✅ 从缓存中找到翻译，自动转为本地语言: 你好
[08:10:39.904]    └─ ✅ 内容已重定向，新长度: 12
[08:13:38.094] 准备初始化 War3Hook
[08:13:38.097] ✨ 共享内存首次创建: 双通道缓冲区索引已归零。
[08:13:38.097] 进程路径: X:\单机游戏\魔兽3-冰封王座\War3.exe
[08:13:38.097] getCurrentWar3Version 开始
[08:13:38.097] 进程名: War3.exe
[08:13:38.097] 进程名验证通过✅
[08:13:38.097] [VersionFlag] 检测到版本: 1.26.0.6401, 版本标志设为: 1
[08:13:38.097] getCurrentWar3Version 完成
[08:13:38.097] [VersionCheck] 正在检测高版本: 1.26.0.6401 | 参数 includeV126: 0 | 识别方式: 常用版本字符串判断 | 结果: 属于低版本
[08:13:38.097] [VersionCheck] 正在检测版本: 1.26.0.6401 | 识别方式: 常用版本字符串判断 | 结果: 高版本
[08:13:38.097] getModuleBaseAddress: 开始查找模块 [game.dll]
[08:13:38.097] getModuleBaseAddress: 通过GetModuleHandleA成功获取模块 [game.dll] 基地址: 0x6F000000
[08:13:38.097] 🔍 [FindOffset] 开始搜索偏移. 目标版本: 1.26.0.6401
[08:13:38.097]       - DLL基址: 0x6F000000
[08:13:38.097]       - DLL大小: 12275712 (0xBB5000)
[08:13:38.097]       - ✅ 精确匹配成功: 预设偏移 0x2FC981
[08:13:38.097] 🔍 [FindOffset] 开始搜索偏移. 目标版本: 1.26.0.6401
[08:13:38.097]       - DLL基址: 0x6F000000
[08:13:38.097]       - DLL大小: 12275712 (0xBB5000)
[08:13:38.097]       - ✅ 精确匹配成功: 预设偏移 0x2FB480
[08:13:38.097] 🔍 [FindOffset] 开始搜索偏移. 目标版本: 1.26.0.6401
[08:13:38.097]       - DLL基址: 0x6F000000
[08:13:38.097]       - DLL大小: 12275712 (0xBB5000)
[08:13:38.097]       - ✅ 精确匹配成功: 预设偏移 0x67B5E9
[08:13:38.097] 🔍 [FindOffset] 开始搜索偏移. 目标版本: 1.26.0.6401
[08:13:38.097]       - DLL基址: 0x6F000000
[08:13:38.097]       - DLL大小: 12275712 (0xBB5000)
[08:13:38.097]       - ✅ 精确匹配成功: 预设偏移 0x65AE80
[08:13:38.097] 🔍 [FindOffset] 开始搜索偏移. 目标版本: 1.26.0.6401
[08:13:38.098]       - DLL基址: 0x6F000000
[08:13:38.098]       - DLL大小: 12275712 (0xBB5000)
[08:13:38.098]       - ✅ 精确匹配成功: 预设偏移 0x2FEA4B
[08:13:38.098] 🔍 [FindOffset] 开始搜索偏移. 目标版本: 1.26.0.6401
[08:13:38.098]       - DLL基址: 0x6F000000
[08:13:38.098]       - DLL大小: 12275712 (0xBB5000)
[08:13:38.098]       - ✅ 精确匹配成功: 预设偏移 0x368058
[08:13:38.098] 🔍 [FindOffset] 开始搜索偏移. 目标版本: 1.26.0.6401
[08:13:38.098]       - DLL基址: 0x6F000000
[08:13:38.098]       - DLL大小: 12275712 (0xBB5000)
[08:13:38.098]       - ✅ 精确匹配成功: 预设偏移 0x336BF9
[08:13:38.098] 🔍 [FindOffset] 开始搜索偏移. 目标版本: 1.26.0.6401
[08:13:38.098]       - DLL基址: 0x6F000000
[08:13:38.098]       - DLL大小: 12275712 (0xBB5000)
[08:13:38.098]       - ✅ 精确匹配成功: 预设偏移 0x615440
[08:13:38.098] War3Hook 初始化完成
[08:13:38.098] ✅ 初始化成功！执行安装。
[08:13:38.098] 🚀 开始安装全系统钩子...
[08:13:38.098] 开始安装 game.dll GameChatRecipientInGame_ Hook...
[08:13:38.098] 开始安装钩子！钩子函数: jumpWhenCallGameChatRecipientInGame_
[08:13:38.098] getModuleBaseAddress: 开始查找模块 [game.dll]
[08:13:38.098] getModuleBaseAddress: 通过GetModuleHandleA成功获取模块 [game.dll] 基地址: 0x6F000000
[08:13:38.098] 修改地址: 0x6F2FC981
[08:13:38.098] 调用地址: 0x6F2FB480
[08:13:38.098] 返回地址: 0x6F2FC986
[08:13:38.098] 找到钩子函数地址: 0x7AD56C8D
[08:13:38.098] 准备写入的字节码 (5 bytes): E9 07 A3 A5 0B 
[08:13:38.098] 🚀 IPC 信号驱动线程已启动 (双通道监控模式)
[08:13:38.098] 保存的原始字节码 (5 bytes): E8 FA EA FF FF 
[08:13:38.098] 钩子安装成功！ 地址: 0x6F2FC981
[08:13:38.098] 修复相对偏移(5字节指令) 0: 0xFFFFEAFA -> 0x6CC6B47B
[08:13:38.098] 跳板 [0] 地址: 0x02690000
[08:13:38.098] 钩子安装成功！ 钩子函数: jumpWhenCallGameChatRecipientInGame_
[08:13:38.098] [game.dll] GameChatRecipientInGame_ 钩子安装成功。
[08:13:38.098]   - 修改地址: 0x6F2FC981
[08:13:38.098]   - 函数地址: 0x6F2FB480
[08:13:38.098]   - 返回地址: 0x6F2FC986
[08:13:38.098]   - 跳板地址: 0x02690000
[08:13:38.098]   ├──  Logic: ChatRecipientInGame                    [OK ✅]
[08:13:38.098] 开始安装 game.dll GameNetEventChatFromHost Hook...
[08:13:38.098] 开始安装钩子！钩子函数: jumpWhenCallGameNetEventChatFromHost
[08:13:38.098] getModuleBaseAddress: 开始查找模块 [game.dll]
[08:13:38.098] getModuleBaseAddress: 通过GetModuleHandleA成功获取模块 [game.dll] 基地址: 0x6F000000
[08:13:38.098] 修改地址: 0x6F67B5E9
[08:13:38.098] 调用地址: 0x6F65AE80
[08:13:38.098] 返回地址: 0x6F67B5EE
[08:13:38.098] 找到钩子函数地址: 0x7AD57139
[08:13:38.098] 准备写入的字节码 (5 bytes): E9 4B BB 6D 0B 
[08:13:38.098] 保存的原始字节码 (5 bytes): E8 92 F8 FD FF 
[08:13:38.098] 钩子安装成功！ 地址: 0x6F67B5E9
[08:13:38.098] 修复相对偏移(5字节指令) 0: 0xFFFDF892 -> 0x6CFCAE6B
[08:13:38.098] 跳板 [0] 地址: 0x02690010
[08:13:38.098] 钩子安装成功！ 钩子函数: jumpWhenCallGameNetEventChatFromHost
[08:13:38.098] [game.dll] GameNetEventChatFromHost 钩子安装成功。
[08:13:38.098]   - 修改地址: 0x6F67B5E9
[08:13:38.098]   - 函数地址: 0x6F65AE80
[08:13:38.098]   - 返回地址: 0x6F67B5EE
[08:13:38.098]   - 跳板地址: 0x02690010
[08:13:38.098]   ├──  Logic: NetEventChatFromHost                   [OK ✅]
[08:13:38.098] 开始安装 game.dll GamePrimaryGameUIVtable_ Hook...
[08:13:38.098] 开始安装钩子！钩子函数: jumpWhenCallGamePrimaryGameUIVtable_
[08:13:38.098] getModuleBaseAddress: 开始查找模块 [game.dll]
[08:13:38.098] getModuleBaseAddress: 通过GetModuleHandleA成功获取模块 [game.dll] 基地址: 0x6F000000
[08:13:38.098] 修改地址: 0x6F2FEA4B
[08:13:38.098] 返回地址: 0x6F2FEA51
[08:13:38.098] 找到钩子函数地址: 0x7AD57754
[08:13:38.098] 准备写入的字节码 (6 bytes): E9 04 8D A5 0B 90 
[08:13:38.098] 保存的原始字节码 (6 bytes): C7 06 1C 63 93 6F 
[08:13:38.098] 钩子安装成功！ 地址: 0x6F2FEA4B
[08:13:38.098] 跳板 [0] 地址: 0x02690020
[08:13:38.098] 钩子安装成功！ 钩子函数: jumpWhenCallGamePrimaryGameUIVtable_
[08:13:38.098] [VersionCheck] 正在检测高版本: 1.26.0.6401 | 参数 includeV126: 0 | 识别方式: 常用版本字符串判断 | 结果: 属于低版本
[08:13:38.098] ✅ [版本适配] 检测到 War3 版本类型: 常规版本 (1.26-)
[08:13:38.098]    ├─ 虚表基址: 0x6F93631C (通过指令 C7 06 提取)
[08:13:38.098]    └─ 目标函数 (+0x0C): 0x6F3012E0
[08:13:38.098] [game.dll] GamePrimaryGameUIVtable_ 钩子安装成功。
[08:13:38.098]   - 修改地址: 0x6F2FEA4B
[08:13:38.098]   - 返回地址: 0x6F2FEA51
[08:13:38.098]   - 跳板地址: 0x02690020
[08:13:38.098]   ├──  Logic: PrimaryGameUIVtable                    [OK ✅]
[08:13:38.098] 开始安装 game.dll GameChatEditBarUIVtable1 Hook...
[08:13:38.098] 开始安装钩子！钩子函数: jumpWhenCallGameChatEditBarUIVtable1
[08:13:38.098] getModuleBaseAddress: 开始查找模块 [game.dll]
[08:13:38.098] getModuleBaseAddress: 通过GetModuleHandleA成功获取模块 [game.dll] 基地址: 0x6F000000
[08:13:38.098] 修改地址: 0x6F368058
[08:13:38.098] 返回地址: 0x6F36805E
[08:13:38.098] 找到钩子函数地址: 0x7AD579EC
[08:13:38.098] 准备写入的字节码 (6 bytes): E9 8F F9 9E 0B 90 
[08:13:38.098] 保存的原始字节码 (6 bytes): C7 06 C4 EA 93 6F 
[08:13:38.098] 钩子安装成功！ 地址: 0x6F368058
[08:13:38.098] 跳板 [0] 地址: 0x02690030
[08:13:38.098] 钩子安装成功！ 钩子函数: jumpWhenCallGameChatEditBarUIVtable1
[08:13:38.098] [game.dll] GameChatEditBarUIVtable1 钩子安装成功。
[08:13:38.098]   - 修改地址: 0x6F368058
[08:13:38.098]   - 返回地址: 0x6F36805E
[08:13:38.098]   - 跳板地址: 0x02690030
[08:13:38.098]   ├──  Logic: ChatEditBarUIVtable1                   [OK ✅]
[08:13:38.098] 开始安装 game.dll GameChatEditBarUIVtable2 Hook...
[08:13:38.098] 🎯 成功提取 UI 事件结构体地址: 0x6FA9ACB0
[08:13:38.098] 开始安装钩子！钩子函数: jumpWhenCallGameChatEditBarUIVtable2
[08:13:38.098] getModuleBaseAddress: 开始查找模块 [game.dll]
[08:13:38.098] getModuleBaseAddress: 通过GetModuleHandleA成功获取模块 [game.dll] 基地址: 0x6F000000
[08:13:38.098] 修改地址: 0x6F336BF9
[08:13:38.098] 返回地址: 0x6F336BFF
[08:13:38.098] 找到钩子函数地址: 0x7AD57D27
[08:13:38.098] 准备写入的字节码 (6 bytes): E9 29 11 A2 0B 90 
[08:13:38.098] 保存的原始字节码 (6 bytes): C7 06 A4 A7 93 6F 
[08:13:38.098] 钩子安装成功！ 地址: 0x6F336BF9
[08:13:38.098] 跳板 [0] 地址: 0x02690040
[08:13:38.098] 钩子安装成功！ 钩子函数: jumpWhenCallGameChatEditBarUIVtable2
[08:13:38.098] [game.dll] GameChatEditBarUIVtable2 钩子安装成功。
[08:13:38.098]   - 修改地址: 0x6F336BF9
[08:13:38.098]   - 返回地址: 0x6F336BFF
[08:13:38.098]   - 跳板地址: 0x02690040
[08:13:38.098]   - 结构体地址: 0x6FA9ACB0
[08:13:38.098]   ├──  Logic: ChatEditBarUIVtable2                   [OK ✅]
[08:13:38.098] ✨ 安装任务结束。状态: 全部成功
[08:13:40.075] ℹ️ [拦截] 钩子已经安装过，无需操作。
[08:13:41.360] 📥 [NetEventChatFromHost] 收到同步包
[08:13:41.360]    ├─ 原始 PID: 0x2 (提取后: 2)
[08:13:41.360]    ├─ 消息标志: 0x66637C10
[08:13:41.360]    ├─ 消息范围: 0x00000000
[08:13:41.360]    ├─ 总计长度: 41 字节
[08:13:41.360]    ├─ 原始字节 (41 bytes): 10 7C 63 66 66 66 66 30 30 30 30 47 61 6D 65 20 73 74 61 72 74 73 20 69 6E 20 35 20 73 65 63 6F 6E 64 73 2E 2E 2E 7C 72 00 
[08:13:41.361]    └─ 文本内容: fff0000Game starts in 5 seconds...|r
[08:13:41.361] 🔍 检测到机器人消息 (PID: 2)
[08:13:48.256] 🔄 [对象] GameUI 指针: 0x32080088
[08:13:48.316] 🔄 [对象] CharManager 指针: 0x334700B0
[08:13:48.317] 🔄 [对象] CharEditBar 指针: 0x334600B0
[08:14:00.062] 💬 [聊天分发] 内容: 「你好」
[08:14:00.062]    ├─ 接收者: 所有人(All)
[08:14:00.062]    ├─ 场景状态: 联网模式(Network) [0x1]
[08:14:00.062]    └─ 停留时长: 10.0 秒
[08:14:00.062] ✅ [IPC FAST] 异步翻译请求(发送) 已入队 | Slot:0 | Pending:1 | Event:OK
[08:14:00.063] 📥 [IPC/Receive] 来源:SLOW | 大小:1040
[08:14:00.063] 🚀 [IPC/Out] 收到自发消息翻译回应 (准备注入发送流)
[08:14:00.063]    ├─ 方向: Outgoing (发)
[08:14:00.063]    ├─ 原文: 你好
[08:14:00.063]    └─ 译文: 你好
[08:14:00.063] ✅ [IPC SLOW] 翻译映射/发送完成 已入队 | Slot:0 | Pending:1 | Event:OK
[08:14:00.064] 📥 [IPC/Receive] 来源:SLOW | 大小:1040
[08:14:00.064] 🚀 [IPC/Out] 收到自发消息翻译回应 (准备注入发送流)
[08:14:00.064]    ├─ 方向: Outgoing (发)
[08:14:00.064]    ├─ 原文: 你好
[08:14:00.064]    └─ 译文: 你好
[08:14:00.064] ✅ [IPC SLOW] 翻译映射/发送完成 已入队 | Slot:1 | Pending:2 | Event:OK
[08:14:00.064] 📥 [IPC/Receive] 来源:SLOW | 大小:1040
[08:14:00.064] 🚀 [IPC/Out] 收到自发消息翻译回应 (准备注入发送流)
[08:14:00.064]    ├─ 方向: Outgoing (发)
[08:14:00.064]    ├─ 原文: 你好
[08:14:00.064]    └─ 译文: Hello
[08:14:00.064] ✅ [IPC SLOW] 翻译映射/发送完成 已入队 | Slot:2 | Pending:3 | Event:OK
[08:14:00.064] 📥 [IPC/Receive] 来源:SLOW | 大小:1040
[08:14:00.064] 🚀 [IPC/Out] 收到自发消息翻译回应 (准备注入发送流)
[08:14:00.064]    ├─ 方向: Outgoing (发)
[08:14:00.064]    ├─ 原文: 你好
[08:14:00.064]    └─ 译文: Привет
[08:14:00.064] ✅ [IPC SLOW] 翻译映射/发送完成 已入队 | Slot:3 | Pending:3 | Event:OK
[08:14:08.604] 📥 [NetEventChatFromHost] 收到同步包
[08:14:08.604]    ├─ 原始 PID: 0x3 (提取后: 3)
[08:14:08.604]    ├─ 消息标志: 0x00000020
[08:14:08.604]    ├─ 消息范围: 0x00000000
[08:14:08.604]    ├─ 总计长度: 11 字节
[08:14:08.604]    ├─ 原始字节 (11 bytes): 20 00 00 00 00 68 65 6C 6C 6F 00 
[08:14:08.604]    └─ 文本内容: hello
[08:14:08.604] 🔍 [getDefaultShoutContent] 开始比对内容: "hello"
[08:14:08.604]    ├─ [0] 锚点: src="", def=""
[08:14:08.604]    ├─ [1] 锚点: src="", def=""
[08:14:08.604]    ├─ [2] 锚点: src="", def=""
[08:14:08.604]    ├─ [3] 锚点: src="", def=""
[08:14:08.604]    ├─ [4] 锚点: src="", def=""
[08:14:08.604]    ├─ [5] 锚点: src="", def=""
[08:14:08.604]    ├─ [6] 锚点: src="", def=""
[08:14:08.604]    └─ ❌ 矩阵匹配结束，未发现匹配项
[08:14:08.604] 🔍 从缓存查找翻译
[08:14:08.604] ❌ 缓存未找到，准备请求翻译并等待结果
[08:14:08.604] ✅ [IPC FAST] 异步翻译请求(接收) 已入队 | Slot:1 | Pending:1 | Event:OK
[08:14:09.692] 📥 [IPC/Receive] 来源:SLOW | 大小:1040
[08:14:09.692] 🧠 [IPC/In] 收到他人消息翻译回应 (已更新缓存)
[08:14:09.692]    ├─ 方向: Incoming (收)
[08:14:09.692]    ├─ 原文: hello
[08:14:09.692]    └─ 译文: 你好
[08:14:09.692] ✅ [IPC SLOW] 翻译映射/发送完成 已入队 | Slot:4 | Pending:1 | Event:OK
[08:14:09.728] 📥 [NetEventChatFromHost] 收到同步包
[08:14:09.728]    ├─ 原始 PID: 0x3 (提取后: 3)
[08:14:09.772]    ├─ 消息标志: 0x00000020
[08:14:09.772]    ├─ 消息范围: 0x00000000
[08:14:09.772]    ├─ 总计长度: 12 字节
[08:14:09.772]    ├─ 原始字节 (12 bytes): 20 00 00 00 00 E4 BD A0 E5 A5 BD 00 
[08:14:09.772]    └─ 文本内容: 你好
[08:14:09.772] 🔍 [getDefaultShoutContent] 开始比对内容: "你好"
[08:14:09.772]    ├─ [0] 锚点: src="", def=""
[08:14:09.772]    ├─ [1] 锚点: src="", def=""
[08:14:09.772]    ├─ [2] 锚点: src="", def=""
[08:14:09.772]    ├─ [3] 锚点: src="", def=""
[08:14:09.772]    ├─ [4] 锚点: src="", def=""
[08:14:09.772]    ├─ [5] 锚点: src="", def=""
[08:14:09.772]    ├─ [6] 锚点: src="", def=""
[08:14:09.772]    └─ ❌ 矩阵匹配结束，未发现匹配项
[08:14:09.772] 🔍 从缓存查找翻译
[08:14:09.772] ✅ 从缓存中找到翻译，自动转为本地语言: 你好
[08:14:09.772]    └─ ✅ 内容已重定向，新长度: 12
[08:22:24.431] 准备初始化 War3Hook
[08:22:24.433] ✨ 共享内存首次创建: 双通道缓冲区索引已归零。
[08:22:24.433] 进程路径: X:\单机游戏\魔兽3-冰封王座\War3.exe
[08:22:24.433] getCurrentWar3Version 开始
[08:22:24.433] 进程名: War3.exe
[08:22:24.433] 进程名验证通过✅
[08:22:24.433] [VersionFlag] 检测到版本: 1.26.0.6401, 版本标志设为: 1
[08:22:24.433] getCurrentWar3Version 完成
[08:22:24.433] [VersionCheck] 正在检测高版本: 1.26.0.6401 | 参数 includeV126: 0 | 识别方式: 常用版本字符串判断 | 结果: 属于低版本
[08:22:24.433] [VersionCheck] 正在检测版本: 1.26.0.6401 | 识别方式: 常用版本字符串判断 | 结果: 高版本
[08:22:24.433] getModuleBaseAddress: 开始查找模块 [game.dll]
[08:22:24.433] getModuleBaseAddress: 通过GetModuleHandleA成功获取模块 [game.dll] 基地址: 0x6F000000
[08:22:24.433] 🔍 [FindOffset] 开始搜索偏移. 目标版本: 1.26.0.6401
[08:22:24.433]       - DLL基址: 0x6F000000
[08:22:24.433]       - DLL大小: 12275712 (0xBB5000)
[08:22:24.433]       - ✅ 精确匹配成功: 预设偏移 0x2FC981
[08:22:24.433] 🔍 [FindOffset] 开始搜索偏移. 目标版本: 1.26.0.6401
[08:22:24.433]       - DLL基址: 0x6F000000
[08:22:24.433]       - DLL大小: 12275712 (0xBB5000)
[08:22:24.433]       - ✅ 精确匹配成功: 预设偏移 0x2FB480
[08:22:24.433] 🔍 [FindOffset] 开始搜索偏移. 目标版本: 1.26.0.6401
[08:22:24.433]       - DLL基址: 0x6F000000
[08:22:24.433]       - DLL大小: 12275712 (0xBB5000)
[08:22:24.433]       - ✅ 精确匹配成功: 预设偏移 0x67B5E9
[08:22:24.433] 🔍 [FindOffset] 开始搜索偏移. 目标版本: 1.26.0.6401
[08:22:24.433]       - DLL基址: 0x6F000000
[08:22:24.434]       - DLL大小: 12275712 (0xBB5000)
[08:22:24.434]       - ✅ 精确匹配成功: 预设偏移 0x65AE80
[08:22:24.434] 🔍 [FindOffset] 开始搜索偏移. 目标版本: 1.26.0.6401
[08:22:24.434]       - DLL基址: 0x6F000000
[08:22:24.434]       - DLL大小: 12275712 (0xBB5000)
[08:22:24.434]       - ✅ 精确匹配成功: 预设偏移 0x2FEA4B
[08:22:24.434] 🔍 [FindOffset] 开始搜索偏移. 目标版本: 1.26.0.6401
[08:22:24.434]       - DLL基址: 0x6F000000
[08:22:24.434]       - DLL大小: 12275712 (0xBB5000)
[08:22:24.434]       - ✅ 精确匹配成功: 预设偏移 0x368058
[08:22:24.434] 🔍 [FindOffset] 开始搜索偏移. 目标版本: 1.26.0.6401
[08:22:24.434]       - DLL基址: 0x6F000000
[08:22:24.434]       - DLL大小: 12275712 (0xBB5000)
[08:22:24.434]       - ✅ 精确匹配成功: 预设偏移 0x336BF9
[08:22:24.434] 🔍 [FindOffset] 开始搜索偏移. 目标版本: 1.26.0.6401
[08:22:24.434]       - DLL基址: 0x6F000000
[08:22:24.434]       - DLL大小: 12275712 (0xBB5000)
[08:22:24.434]       - ✅ 精确匹配成功: 预设偏移 0x615440
[08:22:24.434] War3Hook 初始化完成
[08:22:24.434] ✅ 初始化成功！执行安装。
[08:22:24.434] 🚀 开始安装全系统钩子...
[08:22:24.434] 开始安装 game.dll GameChatRecipientInGame_ Hook...
[08:22:24.434] 开始安装钩子！钩子函数: jumpWhenCallGameChatRecipientInGame_
[08:22:24.434] getModuleBaseAddress: 开始查找模块 [game.dll]
[08:22:24.434] getModuleBaseAddress: 通过GetModuleHandleA成功获取模块 [game.dll] 基地址: 0x6F000000
[08:22:24.434] 修改地址: 0x6F2FC981
[08:22:24.434] 调用地址: 0x6F2FB480
[08:22:24.434] 返回地址: 0x6F2FC986
[08:22:24.434] 找到钩子函数地址: 0x7AD56C8D
[08:22:24.434] 准备写入的字节码 (5 bytes): E9 07 A3 A5 0B 
[08:22:24.434] 保存的原始字节码 (5 bytes): E8 FA EA FF FF 
[08:22:24.434] 钩子安装成功！ 地址: 0x6F2FC981
[08:22:24.434] 修复相对偏移(5字节指令) 0: 0xFFFFEAFA -> 0x6CC7B47B
[08:22:24.434] 跳板 [0] 地址: 0x02680000
[08:22:24.434] 钩子安装成功！ 钩子函数: jumpWhenCallGameChatRecipientInGame_
[08:22:24.434] [game.dll] GameChatRecipientInGame_ 钩子安装成功。
[08:22:24.434]   - 修改地址: 0x6F2FC981
[08:22:24.434]   - 函数地址: 0x6F2FB480
[08:22:24.434]   - 返回地址: 0x6F2FC986
[08:22:24.434]   - 跳板地址: 0x02680000
[08:22:24.434]   ├──  Logic: ChatRecipientInGame                    [OK ✅]
[08:22:24.434] 开始安装 game.dll GameNetEventChatFromHost Hook...
[08:22:24.434] 开始安装钩子！钩子函数: jumpWhenCallGameNetEventChatFromHost
[08:22:24.434] getModuleBaseAddress: 开始查找模块 [game.dll]
[08:22:24.434] getModuleBaseAddress: 通过GetModuleHandleA成功获取模块 [game.dll] 基地址: 0x6F000000
[08:22:24.434] 修改地址: 0x6F67B5E9
[08:22:24.434] 调用地址: 0x6F65AE80
[08:22:24.434] 返回地址: 0x6F67B5EE
[08:22:24.434] 找到钩子函数地址: 0x7AD57139
[08:22:24.434] 准备写入的字节码 (5 bytes): E9 4B BB 6D 0B 
[08:22:24.434] 保存的原始字节码 (5 bytes): E8 92 F8 FD FF 
[08:22:24.434] 钩子安装成功！ 地址: 0x6F67B5E9
[08:22:24.434] 修复相对偏移(5字节指令) 0: 0xFFFDF892 -> 0x6CFDAE6B
[08:22:24.434] 跳板 [0] 地址: 0x02680010
[08:22:24.434] 钩子安装成功！ 钩子函数: jumpWhenCallGameNetEventChatFromHost
[08:22:24.434] [game.dll] GameNetEventChatFromHost 钩子安装成功。
[08:22:24.434]   - 修改地址: 0x6F67B5E9
[08:22:24.434]   - 函数地址: 0x6F65AE80
[08:22:24.434]   - 返回地址: 0x6F67B5EE
[08:22:24.434]   - 跳板地址: 0x02680010
[08:22:24.434]   ├──  Logic: NetEventChatFromHost                   [OK ✅]
[08:22:24.434] 开始安装 game.dll GamePrimaryGameUIVtable_ Hook...
[08:22:24.434] 开始安装钩子！钩子函数: jumpWhenCallGamePrimaryGameUIVtable_
[08:22:24.434] getModuleBaseAddress: 开始查找模块 [game.dll]
[08:22:24.434] getModuleBaseAddress: 通过GetModuleHandleA成功获取模块 [game.dll] 基地址: 0x6F000000
[08:22:24.434] 修改地址: 0x6F2FEA4B
[08:22:24.434] 返回地址: 0x6F2FEA51
[08:22:24.434] 找到钩子函数地址: 0x7AD57754
[08:22:24.434] 准备写入的字节码 (6 bytes): E9 04 8D A5 0B 90 
[08:22:24.434] 保存的原始字节码 (6 bytes): C7 06 1C 63 93 6F 
[08:22:24.434] 钩子安装成功！ 地址: 0x6F2FEA4B
[08:22:24.434] 跳板 [0] 地址: 0x02680020
[08:22:24.434] 钩子安装成功！ 钩子函数: jumpWhenCallGamePrimaryGameUIVtable_
[08:22:24.434] [VersionCheck] 正在检测高版本: 1.26.0.6401 | 参数 includeV126: 0 | 识别方式: 常用版本字符串判断 | 结果: 属于低版本
[08:22:24.434] ✅ [版本适配] 检测到 War3 版本类型: 常规版本 (1.26-)
[08:22:24.434]    ├─ 虚表基址: 0x6F93631C (通过指令 C7 06 提取)
[08:22:24.434]    └─ 目标函数 (+0x0C): 0x6F3012E0
[08:22:24.434] [game.dll] GamePrimaryGameUIVtable_ 钩子安装成功。
[08:22:24.434]   - 修改地址: 0x6F2FEA4B
[08:22:24.434]   - 返回地址: 0x6F2FEA51
[08:22:24.434]   - 跳板地址: 0x02680020
[08:22:24.434]   ├──  Logic: PrimaryGameUIVtable                    [OK ✅]
[08:22:24.434] 开始安装 game.dll GameChatEditBarUIVtable1 Hook...
[08:22:24.434] 开始安装钩子！钩子函数: jumpWhenCallGameChatEditBarUIVtable1
[08:22:24.437] getModuleBaseAddress: 开始查找模块 [game.dll]
[08:22:24.437] getModuleBaseAddress: 通过GetModuleHandleA成功获取模块 [game.dll] 基地址: 0x6F000000
[08:22:24.437] 修改地址: 0x6F368058
[08:22:24.437] 返回地址: 0x6F36805E
[08:22:24.437] 找到钩子函数地址: 0x7AD579EC
[08:22:24.437] 准备写入的字节码 (6 bytes): E9 8F F9 9E 0B 90 
[08:22:24.437] 保存的原始字节码 (6 bytes): C7 06 C4 EA 93 6F 
[08:22:24.437] 钩子安装成功！ 地址: 0x6F368058
[08:22:24.437] 跳板 [0] 地址: 0x02680030
[08:22:24.437] 钩子安装成功！ 钩子函数: jumpWhenCallGameChatEditBarUIVtable1
[08:22:24.437] [game.dll] GameChatEditBarUIVtable1 钩子安装成功。
[08:22:24.437]   - 修改地址: 0x6F368058
[08:22:24.437]   - 返回地址: 0x6F36805E
[08:22:24.437]   - 跳板地址: 0x02680030
[08:22:24.437]   ├──  Logic: ChatEditBarUIVtable1                   [OK ✅]
[08:22:24.437] 开始安装 game.dll GameChatEditBarUIVtable2 Hook...
[08:22:24.437] 🎯 成功提取 UI 事件结构体地址: 0x6FA9ACB0
[08:22:24.437] 开始安装钩子！钩子函数: jumpWhenCallGameChatEditBarUIVtable2
[08:22:24.437] getModuleBaseAddress: 开始查找模块 [game.dll]
[08:22:24.437] getModuleBaseAddress: 通过GetModuleHandleA成功获取模块 [game.dll] 基地址: 0x6F000000
[08:22:24.437] 修改地址: 0x6F336BF9
[08:22:24.437] 返回地址: 0x6F336BFF
[08:22:24.437] 找到钩子函数地址: 0x7AD57D27
[08:22:24.437] 准备写入的字节码 (6 bytes): E9 29 11 A2 0B 90 
[08:22:24.437] 保存的原始字节码 (6 bytes): C7 06 A4 A7 93 6F 
[08:22:24.437] 钩子安装成功！ 地址: 0x6F336BF9
[08:22:24.437] 跳板 [0] 地址: 0x02680040
[08:22:24.437] 钩子安装成功！ 钩子函数: jumpWhenCallGameChatEditBarUIVtable2
[08:22:24.437] [game.dll] GameChatEditBarUIVtable2 钩子安装成功。
[08:22:24.437]   - 修改地址: 0x6F336BF9
[08:22:24.437]   - 返回地址: 0x6F336BFF
[08:22:24.437]   - 跳板地址: 0x02680040
[08:22:24.437]   - 结构体地址: 0x6FA9ACB0
[08:22:24.437]   ├──  Logic: ChatEditBarUIVtable2                   [OK ✅]
[08:22:24.437] ✨ 安装任务结束。状态: 全部成功
[08:22:24.437] 🚀 IPC 信号驱动线程已启动 (双通道监控模式)
[08:22:26.415] ℹ️ [拦截] 钩子已经安装过，无需操作。
[08:22:30.451] 📥 [NetEventChatFromHost] 收到同步包
[08:22:30.451]    ├─ 原始 PID: 0x2 (提取后: 2)
[08:22:30.451]    ├─ 消息标志: 0x66637C10
[08:22:30.451]    ├─ 消息范围: 0x00000000
[08:22:30.451]    ├─ 总计长度: 41 字节
[08:22:30.451]    ├─ 原始字节 (41 bytes): 10 7C 63 66 66 66 66 30 30 30 30 47 61 6D 65 20 73 74 61 72 74 73 20 69 6E 20 35 20 73 65 63 6F 6E 64 73 2E 2E 2E 7C 72 00 
[08:22:30.451]    └─ 文本内容: fff0000Game starts in 5 seconds...|r
[08:22:30.451] 🔍 检测到机器人消息 (PID: 2)
[08:22:37.391] 🔄 [对象] GameUI 指针: 0x336A0088
[08:22:37.436] 🔄 [对象] CharManager 指针: 0x34E400B0
[08:22:37.436] 🔄 [对象] CharEditBar 指针: 0x34E500B0
[08:23:08.701] 💬 [聊天分发] 内容: 「你好」
[08:23:08.701]    ├─ 接收者: 所有人(All)
[08:23:08.701]    ├─ 场景状态: 联网模式(Network) [0x1]
[08:23:08.702]    └─ 停留时长: 10.0 秒
[08:23:08.702] ✅ [IPC FAST] 异步翻译请求(发送) 已入队 | Slot:0 | Pending:1 | Event:OK
[08:23:08.820] 📥 [IPC/Receive] 来源:SLOW | 大小:1040
[08:23:08.820] 🚀 [IPC/Out] 收到自发消息翻译回应 (准备注入发送流)
[08:23:08.820]    ├─ 方向: Outgoing (发)
[08:23:08.820]    ├─ 原文: 你好
[08:23:08.820]    └─ 译文: 你好
[08:23:08.820] ✅ [IPC SLOW] 翻译映射/发送完成 已入队 | Slot:0 | Pending:1 | Event:OK
[08:23:08.820] 📥 [IPC/Receive] 来源:SLOW | 大小:1040
[08:23:08.820] 🚀 [IPC/Out] 收到自发消息翻译回应 (准备注入发送流)
[08:23:08.820]    ├─ 方向: Outgoing (发)
[08:23:08.820]    ├─ 原文: 你好
[08:23:08.820]    └─ 译文: 你好
[08:23:08.820] ✅ [IPC SLOW] 翻译映射/发送完成 已入队 | Slot:1 | Pending:2 | Event:OK
[08:23:08.821] 📥 [IPC/Receive] 来源:SLOW | 大小:1040
[08:23:08.821] 🚀 [IPC/Out] 收到自发消息翻译回应 (准备注入发送流)
[08:23:08.821]    ├─ 方向: Outgoing (发)
[08:23:08.821]    ├─ 原文: 你好
[08:23:08.821]    └─ 译文: Hello
[08:23:08.821] ✅ [IPC SLOW] 翻译映射/发送完成 已入队 | Slot:2 | Pending:3 | Event:OK
[08:23:08.821] 📥 [IPC/Receive] 来源:SLOW | 大小:1040
[08:23:08.821] 🚀 [IPC/Out] 收到自发消息翻译回应 (准备注入发送流)
[08:23:08.821]    ├─ 方向: Outgoing (发)
[08:23:08.821]    ├─ 原文: 你好
[08:23:08.821]    └─ 译文: Привет
[08:23:08.821] ✅ [IPC SLOW] 翻译映射/发送完成 已入队 | Slot:3 | Pending:4 | Event:OK
[08:23:25.080] 💬 [聊天分发] 内容: 「你好」
[08:23:25.080]    ├─ 接收者: 所有人(All)
[08:23:25.080]    ├─ 场景状态: 联网模式(Network) [0x1]
[08:23:25.080]    └─ 停留时长: 10.0 秒
[08:23:25.080] ✅ [IPC FAST] 异步翻译请求(发送) 已入队 | Slot:1 | Pending:1 | Event:OK
[08:23:25.081] 📥 [IPC/Receive] 来源:SLOW | 大小:1040
[08:23:25.081] 🚀 [IPC/Out] 收到自发消息翻译回应 (准备注入发送流)
[08:23:25.081]    ├─ 方向: Outgoing (发)
[08:23:25.081]    ├─ 原文: 你好
[08:23:25.081]    └─ 译文: 你好
[08:23:25.081] ✅ [IPC SLOW] 翻译映射/发送完成 已入队 | Slot:4 | Pending:1 | Event:OK
[08:23:25.081] 📥 [IPC/Receive] 来源:SLOW | 大小:1040
[08:23:25.081] 🚀 [IPC/Out] 收到自发消息翻译回应 (准备注入发送流)
[08:23:25.081]    ├─ 方向: Outgoing (发)
[08:23:25.081]    ├─ 原文: 你好
[08:23:25.081]    └─ 译文: 你好
[08:23:25.081] ✅ [IPC SLOW] 翻译映射/发送完成 已入队 | Slot:5 | Pending:2 | Event:OK
[08:23:25.082] 📥 [IPC/Receive] 来源:SLOW | 大小:1040
[08:23:25.082] 🚀 [IPC/Out] 收到自发消息翻译回应 (准备注入发送流)
[08:23:25.082]    ├─ 方向: Outgoing (发)
[08:23:25.082]    ├─ 原文: 你好
[08:23:25.082]    └─ 译文: Hello
[08:23:25.082] ✅ [IPC SLOW] 翻译映射/发送完成 已入队 | Slot:6 | Pending:3 | Event:OK
[08:23:25.082] 📥 [IPC/Receive] 来源:SLOW | 大小:1040
[08:23:25.082] 🚀 [IPC/Out] 收到自发消息翻译回应 (准备注入发送流)
[08:23:25.082]    ├─ 方向: Outgoing (发)
[08:23:25.082]    ├─ 原文: 你好
[08:23:25.082]    └─ 译文: Привет
[08:23:25.082] ✅ [IPC SLOW] 翻译映射/发送完成 已入队 | Slot:7 | Pending:1 | Event:OK
[08:23:33.764] 📥 [NetEventChatFromHost] 收到同步包
[08:23:33.764]    ├─ 原始 PID: 0x3 (提取后: 3)
[08:23:33.764]    ├─ 消息标志: 0x00000020
[08:23:33.764]    ├─ 消息范围: 0x00000000
[08:23:33.764]    ├─ 总计长度: 11 字节
[08:23:33.764]    ├─ 原始字节 (11 bytes): 20 00 00 00 00 68 65 6C 6C 6F 00 
[08:23:33.764]    └─ 文本内容: hello
[08:23:33.764] 🔍 [getDefaultShoutContent] 开始比对内容: "hello"
[08:23:33.764]    ├─ [0] 锚点: src="", def=""
[08:23:33.764]    ├─ [1] 锚点: src="", def=""
[08:23:33.764]    ├─ [2] 锚点: src="", def=""
[08:23:33.764]    ├─ [3] 锚点: src="", def=""
[08:23:33.764]    ├─ [4] 锚点: src="", def=""
[08:23:33.764]    ├─ [5] 锚点: src="", def=""
[08:23:33.764]    ├─ [6] 锚点: src="", def=""
[08:23:33.764]    └─ ❌ 矩阵匹配结束，未发现匹配项
[08:23:33.764] 🔍 从缓存查找翻译
[08:23:33.764] ❌ 缓存未找到，准备请求翻译并等待结果
[08:23:33.764] ✅ [IPC FAST] 异步翻译请求(接收) 已入队 | Slot:2 | Pending:1 | Event:OK
[08:23:34.913] 📥 [IPC/Receive] 来源:SLOW | 大小:1040
[08:23:34.913] 🧠 [IPC/In] 收到他人消息翻译回应 (已更新缓存)
[08:23:34.914]    ├─ 方向: Incoming (收)
[08:23:34.914]    ├─ 原文: hello
[08:23:34.914]    └─ 译文: 你好
[08:23:34.914] ✅ [IPC SLOW] 翻译映射/发送完成 已入队 | Slot:8 | Pending:1 | Event:OK
[08:23:34.970] 📥 [NetEventChatFromHost] 收到同步包
[08:23:34.970]    ├─ 原始 PID: 0x3 (提取后: 3)
[08:23:34.970]    ├─ 消息标志: 0x00000020
[08:23:34.970]    ├─ 消息范围: 0x00000000
[08:23:34.970]    ├─ 总计长度: 12 字节
[08:23:34.970]    ├─ 原始字节 (12 bytes): 20 00 00 00 00 E4 BD A0 E5 A5 BD 00 
[08:23:34.970]    └─ 文本内容: 你好
[08:23:34.970] 🔍 [getDefaultShoutContent] 开始比对内容: "你好"
[08:23:34.970]    ├─ [0] 锚点: src="", def=""
[08:23:34.970]    ├─ [1] 锚点: src="", def=""
[08:23:34.970]    ├─ [2] 锚点: src="", def=""
[08:23:34.970]    ├─ [3] 锚点: src="", def=""
[08:23:34.970]    ├─ [4] 锚点: src="", def=""
[08:23:34.970]    ├─ [5] 锚点: src="", def=""
[08:23:34.970]    ├─ [6] 锚点: src="", def=""
[08:23:34.970]    └─ ❌ 矩阵匹配结束，未发现匹配项
[08:23:34.970] 🔍 从缓存查找翻译
[08:23:34.970] ✅ 从缓存中找到翻译，自动转为本地语言: 你好
[08:23:34.970]    └─ ✅ 内容已重定向，新长度: 12
[08:24:04.500] 📥 [NetEventChatFromHost] 收到同步包
[08:24:04.500]    ├─ 原始 PID: 0x3 (提取后: 3)
[08:24:04.500]    ├─ 消息标志: 0x00000020
[08:24:04.500]    ├─ 消息范围: 0x00000000
[08:24:04.500]    ├─ 总计长度: 12 字节
[08:24:04.500]    ├─ 原始字节 (12 bytes): 20 00 00 00 00 46 75 63 6B 20 75 00 
[08:24:04.500]    └─ 文本内容: Fuck u
[08:24:04.500] 🔍 [getDefaultShoutContent] 开始比对内容: "Fuck u"
[08:24:04.500]    ├─ [0] 锚点: src="", def=""
[08:24:04.500]    ├─ [1] 锚点: src="", def=""
[08:24:04.500]    ├─ [2] 锚点: src="", def=""
[08:24:04.500]    ├─ [3] 锚点: src="", def=""
[08:24:04.500]    ├─ [4] 锚点: src="", def=""
[08:24:04.500]    ├─ [5] 锚点: src="", def=""
[08:24:04.500]    ├─ [6] 锚点: src="", def=""
[08:24:04.500]    └─ ❌ 矩阵匹配结束，未发现匹配项
[08:24:04.500] 🔍 从缓存查找翻译
[08:24:04.500] ❌ 缓存未找到，准备请求翻译并等待结果
[08:24:04.500] ✅ [IPC FAST] 异步翻译请求(接收) 已入队 | Slot:3 | Pending:1 | Event:OK
[08:24:04.915] 📥 [IPC/Receive] 来源:SLOW | 大小:1040
[08:24:04.915] 🧠 [IPC/In] 收到他人消息翻译回应 (已更新缓存)
[08:24:04.915]    ├─ 方向: Incoming (收)
[08:24:04.915]    ├─ 原文: Fuck u
[08:24:04.915]    └─ 译文: 操你媽
[08:24:04.915] ✅ [IPC SLOW] 翻译映射/发送完成 已入队 | Slot:9 | Pending:1 | Event:OK
[08:24:04.961] 📥 [NetEventChatFromHost] 收到同步包
[08:24:04.961]    ├─ 原始 PID: 0x3 (提取后: 3)
[08:24:04.961]    ├─ 消息标志: 0x00000020
[08:24:04.961]    ├─ 消息范围: 0x00000000
[08:24:04.961]    ├─ 总计长度: 15 字节
[08:24:04.961]    ├─ 原始字节 (15 bytes): 20 00 00 00 00 E6 93 8D E4 BD A0 E5 AA BD 00 
[08:24:04.961]    └─ 文本内容: 操你媽
[08:24:04.961] 🔍 [getDefaultShoutContent] 开始比对内容: "操你媽"
[08:24:04.961]    ├─ [0] 锚点: src="", def=""
[08:24:04.961]    ├─ [1] 锚点: src="", def=""
[08:24:04.961]    ├─ [2] 锚点: src="", def=""
[08:24:04.961]    ├─ [3] 锚点: src="", def=""
[08:24:04.961]    ├─ [4] 锚点: src="", def=""
[08:24:04.961]    ├─ [5] 锚点: src="", def=""
[08:24:04.961]    ├─ [6] 锚点: src="", def=""
[08:24:04.961]    └─ ❌ 矩阵匹配结束，未发现匹配项
[08:24:04.961] 🔍 从缓存查找翻译
[08:24:04.961] ✅ 从缓存中找到翻译，自动转为本地语言: 操你媽
[08:24:04.961]    └─ ✅ 内容已重定向，新长度: 15
